x,y,class
-9.241604,17.702515,0
-9.525599,17.399324,0
-9.702637,17.388018,0
-8.658358,17.549181,0
-8.531957,18.39859,0
2.8391242,22.541327,1
-8.65691,17.543682,0
2.3430955,23.14717,1
2.2589853,22.078114,1
-9.785291,17.671917,0
-9.881745,17.621948,0
-9.773042,17.518702,0
-8.982738,18.241962,0
-8.908661,18.28463,0
-9.47767,17.48598,0
-9.670215,17.711782,0
-9.589329,17.559298,0
-9.716677,17.688862,0
-9.81261,18.077223,0
2.6380966,22.98719,1
-9.71151,18.37812,0
-9.833605,17.589466,0
-8.590047,18.421295,0
2.183771,22.258318,1
2.6074207,22.974258,1
2.9078655,23.341074,1
-9.6681385,17.920124,0
-9.790202,17.64761,0
-9.782396,17.630423,0
2.1429853,23.167925,1
-9.7355175,17.616573,0
-9.820389,17.54584,0
-9.8154,17.556263,0
-9.9090395,17.734764,0
-9.818853,18.004898,0
-9.8688545,17.949512,0
-9.334087,17.983652,0
-9.898536,17.861683,0
-9.920132,17.833668,0
-9.638939,17.73352,0
-9.87246,17.957306,0
1.7354237,22.61069,1
-9.939931,17.695446,0
-9.728332,18.229279,0
-9.453282,17.715418,0
-9.894178,17.603943,0
2.1058388,21.906685,1
0.22743069,22.278316,1
2.0175517,21.851486,1
2.4127047,23.466377,1
2.5908349,22.982325,1
-9.777282,18.754017,0
2.3923938,23.48995,1
2.24061,23.122793,1
-9.2563925,18.546864,0
-9.464289,18.20686,0
-9.147872,18.528923,0
-9.172434,18.57535,0
-9.231932,17.795765,0
2.8717303,22.604757,1
-9.446085,18.364832,0
-9.012727,18.056633,0
-9.563423,18.323042,0
-9.794094,18.799597,0
-9.363893,18.244576,0
-9.349135,18.245518,0
-9.568602,18.099283,0
-9.412984,18.331501,0
-9.350983,18.121105,0
-9.438753,18.259216,0
2.8661027,22.617428,1
-9.302068,18.066813,0
-9.3599415,17.920574,0
-8.704779,17.742529,0
-9.463658,18.208252,0
-9.226744,18.23885,0
-9.522012,18.203255,0
1.6735276,22.857414,1
-9.4067745,18.221905,0
-9.333879,17.968098,0
-9.61609,18.319937,0
-9.543312,18.198418,0
-9.548138,18.33481,0
-9.455676,18.17505,0
-9.529855,18.296865,0
-9.831285,18.57246,0
-9.546155,18.363874,0
-9.6740885,18.387869,0
-9.650998,18.3901,0
-8.825387,18.305613,0
-9.428357,18.291948,0
-9.31103,18.001726,0
-9.27543,17.78521,0
-9.656668,18.265245,0
-9.549131,18.31084,0
-9.826394,18.728247,0
-9.646802,18.368443,0
-9.358611,18.223057,0
-9.215005,18.44649,0
-9.179253,18.553286,0
-9.274471,18.382906,0
-9.469449,18.22808,0
-9.191017,18.232252,0
-9.1891,18.142725,0
-9.120017,18.160858,0
-8.863012,18.221395,0
-9.075331,18.481941,0
3.029858,23.276098,1
-8.517628,18.374344,0
-8.927842,18.415136,0
-8.874748,18.241377,0
-9.493642,18.132826,0
-8.570127,17.659754,0
-8.78543,18.126898,0
2.7414043,22.991629,1
-9.380725,17.888105,0
-9.325455,18.170515,0
-9.263635,17.675074,0
2.0678828,23.414608,1
-8.988715,18.446833,0
-9.196185,17.78479,0
-9.713564,18.4204,0
-8.875185,18.248531,0
-9.832378,18.012602,0
-9.484646,17.836428,0
-9.676298,17.560417,0
-9.670084,18.37778,0
-9.64444,18.43094,0
-9.356383,18.19142,0
-9.1811495,18.639956,0
2.5800223,23.151203,1
-9.460487,18.132048,0
-9.603483,18.47851,0
-9.633068,18.390787,0
-9.207107,18.231432,0
-9.206463,18.647573,0
-9.163784,18.673687,0
-9.8283615,18.072868,0
-9.770992,18.875307,0
-9.726389,18.869556,0
2.1375585,23.085304,1
-9.698912,18.875647,0
-9.204141,18.660711,0
-9.69674,18.918528,0
-8.964217,18.311764,0
-9.3365555,17.932701,0
-9.042124,18.564976,0
-9.729548,18.861435,0
-9.671477,17.988157,0
-9.744152,18.871817,0
-9.760705,18.876081,0
-9.759023,18.862253,0
2.8982139,23.40902,1
-9.203101,18.69509,0
-9.84344,18.795588,0
-9.809462,18.031858,0
-9.750345,18.871817,0
-8.740022,18.277422,0
-9.350214,18.7572,0
-9.775694,18.879608,0
-9.763078,18.87207,0
-9.062059,18.604427,0
2.8965833,22.974712,1
-9.483375,17.88944,0
-9.729526,18.88213,0
-8.733945,18.171816,0
-8.619973,17.80119,0
-9.745252,18.872606,0
-8.6375,17.98134,0
-9.301483,17.867964,0
-9.087344,18.63017,0
-9.298668,17.75469,0
-9.517513,17.922125,0
-9.371974,18.748943,0
0.4648735,22.644882,1
-9.265572,17.830276,0
-9.826623,17.833284,0
-8.634602,17.67107,0
-8.665643,18.234463,0
-9.113907,17.770304,0
-9.817878,17.780985,0
-8.45044,18.42037,0
-9.726212,18.134336,0
-9.847193,17.827501,0
1.9993265,23.547728,1
-8.917078,17.584587,0
-9.824439,17.970886,0
2.6594236,7.567643,3
-9.773005,17.580355,0
-9.768501,17.78993,0
-9.325502,17.672615,0
-9.857101,17.976938,0
-8.531444,17.692257,0
-9.782117,17.756325,0
-9.370596,17.650034,0
-9.431787,17.704445,0
2.9505906,22.590134,1
-9.77941,17.583363,0
-9.156525,17.525808,0
-8.476804,17.629738,0
-9.258641,17.62444,0
-8.579903,17.650414,0
-8.536547,17.71726,0
-8.479085,17.701176,0
-9.61226,17.525415,0
-8.589443,17.728344,0
2.6930802,22.864216,1
-8.977537,17.602102,0
-8.419406,18.474533,0
-9.362403,17.443604,0
-8.480515,17.670702,0
-8.994647,17.44274,0
-8.544842,17.691229,0
-9.502246,17.46772,0
2.881079,22.665556,1
1.2746307,23.424107,1
-9.34532,17.418722,0
-9.0981655,17.516684,0
2.5720558,22.92706,1
2.9273257,22.648962,1
-9.453624,17.389719,0
-8.679428,17.695707,0
-8.528506,17.705881,0
-8.909193,17.596785,0
-8.546652,17.68068,0
-8.629676,17.59812,0
-9.064384,17.539303,0
-9.139861,17.565907,0
2.584867,22.781223,1
-9.010606,17.589615,0
-9.5342865,17.51212,0
-8.76908,17.584446,0
-8.612302,17.714214,0
-9.182973,17.65263,0
-8.641974,17.583384,0
-9.181646,17.586052,0
-8.626604,17.68302,0
-8.602144,18.38368,0
-8.46929,17.66715,0
-8.537421,17.708363,0
-9.722925,18.490942,0
2.694631,22.886686,1
-9.148258,17.502234,0
-9.417697,17.777946,0
-9.628228,17.573738,0
-9.26072,17.663874,0
-9.727282,17.752497,0
-8.605882,18.042946,0
2.8161447,22.719067,1
-9.510896,17.407307,0
-9.805252,17.615826,0
2.536532,22.732119,1
-9.623147,17.515398,0
-9.524991,17.43008,0
-8.455554,17.675922,0
-9.513045,17.53214,0
-9.614513,17.527191,0
-9.760261,17.546059,0
-9.644812,17.420677,0
-9.608937,17.436085,0
-8.524166,17.614927,0
-8.846211,17.497211,0
-8.629186,17.546734,0
1.9859623,22.66878,1
-8.647741,17.544975,0
-9.677661,17.486135,0
-8.481689,17.633724,0
1.7344342,22.98897,1
1.1137052,23.479248,1
0.1792183,22.32217,1
1.6802837,24.022911,1
1.1183728,23.35505,1
2.239951,23.355251,1
1.2434329,23.557877,1
1.985762,23.821463,1
1.4490303,23.8613,1
0.5902205,22.902702,1
1.6662806,23.467176,1
1.1915989,23.43657,1
1.7865047,24.045574,1
2.8310618,23.42242,1
2.437434,23.324156,1
1.0143665,23.315325,1
2.2826717,23.366848,1
1.3813534,23.204355,1
1.3039323,23.647888,1
2.3801658,23.816927,1
1.103389,23.402367,1
1.185055,23.594954,1
0.36867797,22.414343,1
2.09242,23.652706,1
0.20379747,22.495098,1
1.6868842,22.728405,1
1.4236025,23.650433,1
2.086896,23.15267,1
1.280315,23.656462,1
2.9920957,23.386251,1
2.005943,23.481478,1
1.0789015,23.420626,1
0.9810113,23.24971,1
1.7779562,23.65457,1
2.7827184,23.306364,1
1.6991687,22.665426,1
1.4384776,23.799816,1
0.03999142,22.304543,1
2.8632164,23.455555,1
2.0396311,23.552069,1
1.2236315,23.604017,1
2.0804682,23.906952,1
1.2356195,23.607903,1
1.084286,23.369347,1
1.7799251,24.085659,1
1.6049591,24.033424,1
1.1702691,23.61125,1
1.5732262,24.010326,1
2.8295743,22.945517,1
1.4230657,23.491198,1
1.6987547,23.348175,1
0.8006762,22.367,1
0.08227715,22.264046,1
2.67835,23.691746,1
1.3894901,23.136961,1
2.510492,23.159443,1
0.39061707,22.636114,1
2.1489859,22.960062,1
2.010194,24.061354,1
2.4356265,23.352179,1
1.5918957,24.041273,1
2.9189336,23.006607,1
2.1702325,23.879314,1
2.2104888,23.435436,1
2.0551827,22.85127,1
0.41135934,22.711308,1
2.4903893,23.795332,1
0.22349416,22.265726,1
1.9877504,24.042244,1
2.844236,23.389555,1
2.0282319,23.700626,1
2.2032561,23.857237,1
0.057317097,22.275995,1
2.0311108,22.669737,1
1.7344413,23.69478,1
1.2098242,23.398792,1
2.3619456,23.949242,1
1.6869869,23.994602,1
2.2122552,23.080421,1
0.39348012,22.678617,1
2.3636909,23.647068,1
1.7639005,23.898668,1
3.0049202,23.315113,1
2.4445143,23.43089,1
2.270174,23.906233,1
1.5142686,23.086443,1
2.2134268,23.304943,1
1.756535,23.996876,1
1.107252,23.36379,1
2.3335524,23.371868,1
2.5020642,23.89514,1
1.7750546,23.74028,1
2.4460535,23.965809,1
2.521226,23.861387,1
2.1770983,23.883593,1
1.0768846,23.50512,1
0.28668147,22.428274,1
2.3271852,23.18967,1
0.40223274,22.73314,1
2.1156526,22.996546,1
0.22097215,22.474524,1
2.288545,23.85727,1
1.980892,23.202763,1
2.155167,23.407526,1
2.022402,23.300737,1
2.733104,23.507956,1
1.7910703,24.041018,1
2.6290731,23.599018,1
2.1394563,22.971388,1
1.8633059,23.956116,1
2.9208016,23.451487,1
2.201205,23.271147,1
1.5205961,22.892897,1
2.1626263,23.04551,1
2.440959,23.313066,1
1.7473556,24.078104,1
1.9818519,22.829103,1
2.2092524,22.18314,1
2.0378447,22.024393,1
2.618031,23.176397,1
2.3976893,23.866337,1
2.021758,23.11897,1
2.310132,23.306011,1
2.3514345,23.974415,1
2.6909952,22.507868,1
2.0257688,23.666954,1
2.5129843,23.340593,1
2.5041842,23.041142,1
0.015082597,22.176424,1
2.0060635,22.639885,1
1.952527,22.598228,1
0.115545966,22.346498,1
1.6951339,23.159977,1
1.6852126,22.032345,1
2.1173272,23.594236,1
2.2992916,23.843973,1
2.945728,23.29985,1
2.490032,23.773865,1
2.3594296,23.363676,1
1.6425714,23.714514,1
2.3232858,23.297712,1
2.500427,23.808695,1
1.7129014,23.692669,1
2.247517,23.552992,1
2.0779748,23.06232,1
2.0538406,23.665203,1
0.9903443,8.354527,3
2.5271094,8.02131,3
2.8636847,23.4495,1
1.4654332,23.112297,1
1.818354,23.840504,1
2.4219909,23.183178,1
2.9677572,23.363459,1
1.9139758,22.829008,1
2.2389872,22.980124,1
2.4050527,23.457748,1
2.4950964,23.827265,1
1.6633717,24.10057,1
1.7840924,22.992659,1
2.303649,23.745306,1
1.4190844,22.815788,1
0.12171764,22.387419,1
2.173582,23.470753,1
1.9539024,24.050558,1
2.0068145,22.11745,1
2.9839585,23.35542,1
1.8247478,23.447767,1
1.9151893,22.701805,1
1.9160886,23.599104,1
1.6856639,22.447006,1
2.5420866,23.731504,1
1.9312111,24.080227,1
1.8829209,23.516846,1
1.9443433,24.057312,1
1.882874,23.31097,1
1.7543541,24.067297,1
1.1494175,22.698772,1
2.5478303,23.652685,1
2.2338426,23.826742,1
2.4616323,23.75934,1
1.4786584,23.154654,1
2.8591306,23.365196,1
-0.011772813,22.15623,1
2.2975938,23.68632,1
2.057436,23.29204,1
0.22659047,22.393953,1
2.2136238,23.177755,1
0.93498033,22.924118,1
2.1645794,23.718248,1
2.6179893,23.015781,1
2.3334644,23.7266,1
2.9923792,23.001936,1
1.9920803,23.557373,1
0.019893136,22.202652,1
2.645499,23.416021,1
2.7472565,23.299837,1
2.4797971,23.940903,1
1.5994058,23.493435,1
2.0531986,23.115091,1
1.7542995,23.603886,1
2.0473757,22.46392,1
2.798599,23.43876,1
0.21884991,22.361866,1
2.63285,22.369432,1
1.4888265,22.713455,1
2.5919719,23.854788,1
0.6300408,22.48441,1
0.2913877,22.360458,1
1.2711637,22.727505,1
2.3711336,23.837643,1
1.9471488,23.05834,1
1.3408519,22.785349,1
1.0315856,22.473558,1
2.2898917,23.347012,1
2.9216936,23.437695,1
2.1053865,23.845016,1
1.4259387,22.664494,1
1.1775557,23.479588,1
2.1466284,23.894548,1
1.4732801,22.836676,1
1.9280933,23.596292,1
0.5063168,22.638329,1
1.2911022,22.786556,1
2.202969,22.256,1
1.2511814,23.178474,1
0.8726182,22.000309,1
1.6683241,23.709827,1
1.2735387,22.855762,1
0.060540017,22.207367,1
2.5146883,23.865063,1
1.4717323,23.461346,1
1.8184366,24.048939,1
2.5769556,23.53371,1
1.9149694,23.292435,1
1.4782746,23.816195,1
2.3822682,23.364475,1
0.9820283,23.30517,1
1.574765,22.808657,1
1.0674877,23.37782,1
2.2998943,22.958523,1
2.231551,22.157001,1
1.4504473,23.211874,1
2.5646114,23.900345,1
2.0171382,23.008377,1
2.03457,24.060884,1
1.5616595,23.713863,1
1.9598333,23.911613,1
2.5165603,23.289345,1
1.1457105,23.307068,1
1.8769954,23.785103,1
1.9986528,23.06512,1
2.06474,24.045738,1
1.4681336,23.782907,1
2.6588469,23.450506,1
2.5917723,23.84055,1
1.6759588,23.17658,1
1.5616381,23.215342,1
1.5660112,23.840826,1
0.329535,22.544157,1
1.9041505,23.983454,1
1.0555073,23.368067,1
1.5909784,24.020067,1
1.1076866,23.359335,1
0.5101058,22.271893,1
1.0973114,23.556791,1
1.790931,22.35926,1
1.5221152,23.681225,1
1.7325463,22.38558,1
1.1902136,21.804638,1
1.9502281,21.17859,1
2.0015073,21.479681,1
1.8901451,21.550173,1
2.0201802,21.493631,1
2.2076986,21.240307,1
1.1869619,22.57421,1
2.014919,21.955038,1
1.5423872,21.876762,1
1.9871311,21.170328,1
2.0455816,21.737343,1
1.7962252,21.548769,1
1.2575938,22.47752,1
2.0897179,21.49098,1
1.8779844,21.248821,1
2.1853702,21.21083,1
1.9214909,21.734734,1
2.2395172,21.4446,1
1.7056332,22.480936,1
2.034028,21.302618,1
1.3059078,21.827097,1
1.9487704,20.866789,1
2.0155504,21.005028,1
1.7628725,21.710472,1
1.9902233,20.904024,1
2.1548238,21.142794,1
2.0233853,21.05996,1
1.2861199,21.82234,1
2.70384,22.631544,1
1.942669,20.86367,1
2.1157382,21.15819,1
2.1452518,21.299425,1
1.9631363,20.92797,1
1.9138365,20.9257,1
1.9481493,21.87939,1
2.0944471,21.380236,1
2.101714,21.152287,1
2.0953765,21.184671,1
2.2020507,21.086357,1
2.141147,21.167284,1
0.2739489,22.107044,1
2.1895323,21.542189,1
2.2213004,21.527119,1
2.043123,21.022427,1
2.3285909,21.43694,1
2.0757391,21.281734,1
1.9426112,20.873137,1
1.9255883,20.850973,1
2.2098575,22.300003,1
2.184177,21.925703,1
1.0190914,22.21938,1
2.0990849,22.42671,1
0.15997079,22.184572,1
2.5613072,22.457577,1
2.5272985,22.397331,1
2.4576268,22.380682,1
2.4290133,22.504559,1
2.2307472,22.298277,1
1.1463288,23.377283,1
2.1702178,22.022448,1
2.3131623,22.28668,1
1.9068341,22.369667,1
2.5410264,22.233318,1
0.9931961,21.848127,1
2.4844682,22.41914,1
0.30096197,22.211174,1
2.1532435,22.778753,1
2.2671287,22.64991,1
2.1210527,22.475288,1
2.4583676,22.43981,1
2.0924737,23.621502,1
2.0560462,22.440197,1
-0.07032573,22.112179,1
2.682537,22.54966,1
0.030868953,21.720678,1
2.6900501,22.549944,1
2.1229222,21.912678,1
1.9623449,22.34368,1
1.3900336,22.23422,1
2.378044,22.464668,1
2.3959482,22.420822,1
0.2797288,22.136139,1
1.7191266,22.20558,1
1.4847847,21.95725,1
1.9690106,22.389544,1
2.4412475,22.46853,1
2.1826906,22.084364,1
1.8375058,22.084593,1
2.128421,22.33421,1
2.685457,22.568562,1
2.352548,22.412493,1
0.19726487,22.308624,1
2.9828126,22.768707,1
1.8844585,22.38935,1
1.9370735,22.757324,1
-0.13435648,21.98305,1
2.961814,22.735413,1
1.6450021,22.71715,1
2.9776976,22.71784,1
1.802642,22.233206,1
-0.17566568,21.94777,1
2.9695132,22.689007,1
2.8710601,22.431316,1
-0.20814985,21.869947,1
-0.14280602,21.650953,1
-0.17112947,21.963947,1
2.50561,22.532026,1
-0.06391901,22.119562,1
3.0056849,22.730478,1
2.9717333,22.668623,1
-0.16782779,21.57977,1
-0.13159615,21.902525,1
-0.20000082,21.909292,1
0.25089,21.699526,1
0.007230037,21.86341,1
0.093688704,21.838448,1
1.9354442,23.519268,1
2.7229154,22.584188,1
-0.16890663,21.487743,1
0.86379164,21.78755,1
-0.193396,21.755892,1
-0.23552391,21.88944,1
-0.41815063,21.311691,1
-0.12332405,21.932274,1
-0.29596114,21.80154,1
2.7750502,22.631187,1
2.2805872,23.54649,1
-0.1767794,21.705679,1
-0.23555836,21.923872,1
2.1455925,22.57515,1
2.763959,22.384665,1
-0.094828434,21.887459,1
-0.35899207,21.726053,1
-0.47157013,21.423622,1
-0.5326352,21.349133,1
-0.5470401,21.305672,1
-0.38300627,21.718641,1
-0.1490963,21.71186,1
-0.097197436,21.604174,1
2.5031497,22.349693,1
-0.14080311,21.524672,1
-0.3128497,21.494322,1
-0.4268184,21.387913,1
-0.09572248,21.529112,1
-0.09429257,21.65405,1
-0.046224866,21.633566,1
-0.57653785,21.276989,1
-0.51496786,21.309805,1
-0.47353315,21.301105,1
-0.4554388,21.416119,1
-0.31362212,21.46992,1
0.967764,21.834282,1
-0.5850422,21.253675,1
-0.25024596,21.532028,1
-0.27239057,21.49628,1
-0.5413173,21.310015,1
-0.22467834,21.555365,1
-0.5626998,21.276754,1
-0.6324699,21.21719,1
0.10325033,21.65471,1
-0.44061613,21.289083,1
2.5276248,22.28198,1
-0.5657545,21.303778,1
-0.3505297,21.403517,1
-0.5878603,21.269861,1
-0.5662417,21.311161,1
-0.043237567,21.68661,1
0.101298966,21.63123,1
-0.34843656,21.506952,1
0.008736338,21.610525,1
0.11918795,21.69618,1
-0.45442003,21.413267,1
-0.14444084,21.781673,1
2.1478388,22.533854,1
-0.012163291,21.529076,1
0.026480913,21.660288,1
-0.34878814,21.688793,1
-0.6353788,21.362259,1
-0.38911548,21.695393,1
-0.12903544,21.595934,1
-0.14580867,21.5811,1
-0.45452175,21.416964,1
-0.059118185,21.548265,1
0.009805642,21.67594,1
-0.54494405,21.2946,1
-0.05621048,21.68414,1
0.019852871,21.719027,1
1.9272233,22.526628,1
-0.2187541,21.849195,1
-0.5480477,21.330904,1
-0.27271017,21.946297,1
3.019472,22.748087,1
2.2753544,21.513504,1
2.9469903,23.028265,1
1.464885,22.678312,1
2.4449503,22.323997,1
2.149117,21.812674,1
2.1811996,21.612097,1
2.3162613,21.669792,1
2.171198,21.819422,1
2.9822013,22.646355,1
1.7503422,21.191776,1
0.33132488,21.609924,1
1.8494854,20.93045,1
2.200474,21.49125,1
2.9643533,22.815737,1
2.3323314,21.552458,1
1.8666929,21.232344,1
2.0663755,21.736578,1
2.174405,21.357431,1
2.1264226,21.279905,1
2.1433191,21.42316,1
1.8888112,21.325869,1
1.7018276,22.804998,1
0.9279372,21.751862,1
1.7986388,21.372879,1
2.052118,21.426994,1
2.0674827,22.526398,1
2.1987755,21.378527,1
0.06519418,21.668303,1
-0.007212826,21.853899,1
2.2101927,21.188091,1
0.8229157,21.825567,1
1.2289937,22.52902,1
2.211093,21.326433,1
2.1248012,21.439022,1
1.7115022,22.103125,1
1.7253891,22.34962,1
1.8525753,21.35363,1
1.5590196,21.81506,1
2.1866171,21.330023,1
1.0994667,21.671158,1
1.8078928,22.515184,1
-0.12427714,21.840553,1
1.9075848,20.846262,1
-0.002532896,22.147621,1
0.33874995,21.787601,1
1.7493279,21.139841,1
1.8015817,21.449808,1
2.0550187,22.699167,1
1.7376127,22.466413,1
1.8426292,20.862251,1
1.8551478,21.308464,1
2.0318038,21.600471,1
1.8486804,21.359756,1
0.9414323,21.82093,1
1.8848222,20.880138,1
2.3013144,21.388668,1
1.9347957,21.723528,1
1.8038298,21.300728,1
2.2269847,22.296288,1
2.0389886,21.152512,1
1.7954606,21.108397,1
1.709156,22.624817,1
1.8455359,21.34689,1
1.8312162,21.071003,1
2.3501174,22.340988,1
2.0157375,21.030924,1
2.1735272,21.19737,1
0.90245533,22.086317,1
1.7155194,21.734137,1
1.9156051,20.87615,1
2.1074357,22.560009,1
1.2824675,21.825155,1
2.0764358,21.105825,1
1.9200771,20.85601,1
0.28710914,1.8780138,3
-0.22902131,7.3201795,3
1.8323543,5.107756,3
1.3181552,4.68755,3
2.1514971,5.979773,3
1.5624729,4.2085505,3
1.4021864,4.65101,3
0.34729958,2.3610573,3
1.2848,4.964228,3
1.886703,5.03311,3
1.5122641,4.7651963,3
1.577783,4.8390436,3
1.4712657,4.8308325,3
1.5287856,4.968041,3
1.6755636,4.5290656,3
9.007549,5.3444066,3
9.014017,5.346343,3
1.7065289,4.879297,3
1.7759768,4.5820208,3
-0.092992306,2.4125342,3
2.4191942,7.245852,3
1.1472679,7.606823,3
2.7808032,6.4929137,3
2.154586,7.1889477,3
2.844927,6.5877,3
2.4404416,6.388913,3
2.6615481,7.1581354,3
2.2476614,7.7575603,3
2.8330803,7.0920696,3
-0.13247953,2.2933364,3
2.692175,7.3577604,3
1.813628,5.0923996,3
1.9712412,5.2340293,3
2.1315708,5.291113,3
1.6534203,7.6698484,3
2.6187618,7.507055,3
1.8064669,5.3565035,3
2.3303354,7.8255982,3
2.9120743,6.722839,3
2.3886063,8.636898,3
2.4666097,7.6977277,3
0.023322487,2.439644,3
2.4191582,7.717113,3
2.401757,7.7113595,3
2.4112473,7.7450075,3
2.3697388,7.724013,3
2.4172869,7.8252597,3
2.5721667,7.411617,3
2.233889,8.216027,3
0.42108235,2.376733,3
0.09754995,1.9873811,3
0.12971377,2.0072534,3
0.20628996,2.4692812,3
-0.117250554,2.2275107,3
0.31198266,2.5197983,3
0.28013992,2.4575834,3
0.24125308,1.9731213,3
0.40710354,2.0107052,3
0.28517514,2.1826305,3
0.39954033,2.0367284,3
0.392731,1.9530087,3
0.39514396,1.9869528,3
0.40063038,2.0104923,3
-0.10331107,2.1393917,3
0.011588956,2.2349534,3
0.035003707,2.7468235,3
0.03319242,2.6946735,3
0.096584804,2.4747736,3
0.3348928,2.1361535,3
0.06840102,2.4154446,3
3.6839235,7.9186463,3
-0.079473756,2.4762533,3
0.22626628,2.2625992,3
0.081717096,2.076813,3
0.008736954,2.482936,3
0.081247024,2.3306708,3
0.3668727,2.3597128,3
0.43955046,2.4449089,3
0.12432275,2.5432923,3
0.039291907,2.304135,3
0.35618475,2.5903354,3
0.04591532,2.7523277,3
0.42165688,2.227017,3
0.20079792,2.580862,3
0.01055648,2.4963188,3
0.017478593,2.0174124,3
0.41459322,2.3297276,3
0.4092073,2.410708,3
2.4090755,5.2539177,3
0.06106568,2.430683,3
0.1518516,2.4185781,3
0.4931014,2.3697531,3
0.3062767,2.3576012,3
0.20467207,2.3019176,3
0.23723869,1.9487,3
-0.14903884,2.2059803,3
0.037975144,2.6547003,3
0.3801384,2.50555,3
0.2514564,2.3957608,3
0.006358606,2.47776,3
0.18393528,2.0721462,3
0.13226499,2.405269,3
0.265623,2.269754,3
0.37315196,2.4181492,3
0.045360256,2.7431223,3
-0.04290945,2.842108,3
0.00729195,2.8071122,3
0.15780129,2.1937356,3
-0.029266814,2.785446,3
0.21124981,2.6082056,3
0.24917482,2.6377606,3
-0.030608669,2.8281035,3
2.4750783,5.537238,3
0.48014858,2.3525162,3
0.03965821,2.4774837,3
0.2840809,2.4519837,3
0.09475605,2.7250884,3
-0.08590978,2.2112064,3
0.057304397,2.0188525,3
-0.021342915,2.8323677,3
0.36584714,2.8008916,3
-0.047116313,2.767422,3
0.50444883,2.4523766,3
0.03169489,2.7999659,3
0.17996761,2.8205388,3
1.752331,3.8493237,3
-0.10955016,2.5241728,3
0.6998238,3.4404833,3
0.40697208,3.000485,3
0.69595796,3.4314566,3
0.15573128,1.9382564,3
0.39980635,2.405,3
0.37117916,2.5022624,3
0.40233737,2.378463,3
0.681781,3.0887518,3
1.1531411,3.7431226,3
1.1224575,3.7242157,3
0.80274415,3.5728288,3
1.1488726,3.8326595,3
0.8127974,3.9027903,3
0.2675206,1.9074814,3
-0.21497452,7.411099,3
-0.26819986,7.370203,3
-0.1817768,7.5003223,3
0.077318385,8.012105,3
-0.27262172,7.364978,3
-0.16994806,7.315722,3
0.15093873,3.1151173,3
0.4573295,2.4428978,3
0.67259294,3.420937,3
1.7734855,4.4407506,3
1.4867227,4.515914,3
0.23773614,1.8881212,3
1.1493623,3.8166604,3
0.033972662,2.7329204,3
0.67390317,2.8878322,3
0.6828227,2.885686,3
0.44995484,2.7362504,3
0.060262375,2.7523847,3
0.48207742,2.4258642,3
0.5402547,2.5035193,3
0.007943654,2.8150644,3
-0.003122153,2.139869,3
0.5289479,2.863373,3
0.5772167,3.149376,3
0.38453877,2.8801198,3
0.45020956,2.903251,3
0.5863457,3.2166893,3
1.1883355,3.7769146,3
1.13412,3.7159321,3
1.0522565,3.5647285,3
0.034976486,2.8266666,3
0.059858076,2.7891576,3
0.1568158,2.8535144,3
-0.052691247,2.1061814,3
0.05905946,2.9109008,3
0.5124123,3.112815,3
0.43558693,3.047269,3
1.3637217,4.0038505,3
1.1648866,3.741685,3
0.61673975,3.2998147,3
0.93737125,3.3333862,3
1.2422781,4.251629,3
1.1770881,3.7947474,3
0.22144988,1.887026,3
0.72032833,3.4492826,3
0.7425465,3.4898317,3
0.5801687,3.2509975,3
0.6437459,3.3323662,3
-0.11908548,2.9334736,3
-0.044147693,7.220259,3
-0.30339855,7.318448,3
1.3500772,5.015829,3
-0.14608257,7.2931504,3
-0.003445772,2.7928832,3
1.4475194,5.0672398,3
0.057976674,2.0044,3
-0.24905938,7.401386,3
-0.13257445,7.4806714,3
1.3948345,5.2270565,3
-0.3023612,7.3432183,3
-0.21112272,7.428806,3
-0.23029663,7.38904,3
-0.22783081,7.4423337,3
-0.13110472,7.5360603,3
-0.28046647,7.357443,3
-0.060282484,2.4559538,3
-0.2598262,7.386451,3
-0.15662782,7.349829,3
9.002231,5.3434825,3
8.993498,5.331868,3
1.6664219,4.4454174,3
9.006168,5.35481,3
1.5960543,5.328989,3
1.7334299,4.5132723,3
8.996596,5.3368692,3
18.805336,4.884805,2
18.752535,4.921742,2
0.19589671,1.9170058,3
9.014986,5.3446336,3
9.022764,5.3370514,3
9.006102,5.3432326,3
9.009582,5.3440237,3
9.012645,5.343116,3
8.99331,5.3258815,3
1.7326602,4.5082507,3
1.4161458,4.5390983,3
1.7911726,4.4844747,3
0.18650943,1.9518481,3
2.861437,5.820084,3
1.5986468,3.9360044,3
1.6531779,4.0089045,3
1.5803128,4.120702,3
1.6289881,4.0029507,3
1.556709,3.9756489,3
1.9211898,5.2968364,3
1.6039423,4.115341,3
1.401555,4.5424323,3
1.4912237,4.749269,3
1.3270102,4.6562943,3
0.2413016,1.8248744,3
-0.12204084,2.1950407,3
1.3475043,4.625668,3
1.4228654,4.5812707,3
1.3804774,4.550762,3
1.4379541,4.739326,3
1.5152125,4.7593412,3
1.5082436,4.7708635,3
1.2805839,4.9290953,3
1.2740537,4.824021,3
1.4062709,4.5311713,3
0.28543445,1.8749434,3
2.2124777,5.5561714,3
1.7925286,4.955321,3
1.3634093,4.4449925,3
2.041471,5.305217,3
1.2243727,3.95331,3
1.6895103,4.543408,3
1.7545338,4.4427805,3
1.7882651,4.5017104,3
1.3855706,4.453018,3
1.3926055,4.593888,3
1.9327085,5.509973,3
0.013748894,2.0173965,3
1.7680172,5.492053,3
1.2373186,5.193229,3
0.02687828,7.2637877,3
2.6082234,5.175596,3
2.907541,8.891708,3
2.040855,7.6264033,3
3.1260633,7.188306,3
3.1681373,7.1783514,3
1.8900642,8.380997,3
3.1060328,7.1865926,3
2.0386674,7.6723742,3
1.9478222,8.306727,3
2.1458597,8.498655,3
3.135797,7.1796994,3
1.9587371,8.465429,3
0.3509189,8.249572,3
2.8572972,5.4224916,3
2.6199977,9.138463,3
3.853154,4.6741867,3
1.8331099,5.989734,3
1.8222783,5.588141,3
2.2506614,4.9894695,3
3.0764785,6.7057424,3
2.0206532,7.2702518,3
2.589779,4.949138,3
2.725952,9.145596,3
1.8692522,4.5143867,3
2.6038556,5.3719015,3
0.23024113,7.8146505,3
2.2031596,5.6900196,3
3.0347857,5.3201985,3
3.4564586,8.975677,3
1.956725,4.6686287,3
2.698811,5.6576743,3
2.950203,6.4391403,3
1.9751858,5.580433,3
2.848872,5.242351,3
1.7243803,7.219196,3
2.8098106,8.640594,3
3.5870645,8.804157,3
0.65700144,7.433839,3
2.9705148,6.5573797,3
2.172597,7.4863143,3
2.3509943,4.8853784,3
2.409105,7.219456,3
2.9639254,5.9856186,3
2.6453955,5.457111,3
2.5288687,7.4239616,3
3.2114558,7.7395105,3
1.7292266,5.10402,3
2.487897,7.075562,3
2.891738,6.471581,3
3.3652287,7.4992075,3
3.210981,7.2802086,3
3.3951151,7.447898,3
2.8383603,7.731805,3
2.5423002,5.303094,3
2.3421159,5.4687424,3
2.3587887,5.556778,3
2.6742282,7.325659,3
2.039814,23.813402,1
1.3464402,5.032473,3
1.8026218,7.448842,3
3.1573625,7.353162,3
3.40778,7.5567966,3
3.0068152,6.6272426,3
0.09888784,7.7816744,3
2.4461544,6.639425,3
2.5195081,6.713849,3
0.91986084,7.5284986,3
2.968537,5.199603,3
2.9913735,7.7930474,3
2.491145,7.314887,3
2.3755345,8.437892,3
0.3501608,7.762229,3
2.547551,7.046237,3
3.0475545,7.0240517,3
2.9933934,7.89456,3
3.1448414,5.2846513,3
3.189601,6.35909,3
0.2787059,7.736691,3
2.8353922,7.269156,3
2.9112985,6.8364887,3
0.25207546,7.75251,3
0.7677799,8.338906,3
3.2018905,7.688167,3
1.862748,6.129413,3
2.399585,5.0258465,3
1.1440191,8.895207,3
2.7453525,6.5780334,3
-0.18307813,7.412836,3
2.9546037,5.1316285,3
2.7721245,6.660945,3
2.9133198,6.6159186,3
3.3245852,7.7166886,3
2.9355524,5.3017454,3
2.9667723,5.2380633,3
-0.08405853,7.1889997,3
1.1282555,8.5935545,3
0.8288191,8.293449,3
2.7419214,4.942633,3
2.424897,8.477742,3
1.9262074,7.4669805,3
3.146448,6.86135,3
3.2044399,6.71084,3
0.31060603,8.381901,3
2.8901675,6.4624205,3
2.9905894,6.697773,3
2.8365622,5.4643393,3
3.408271,5.839602,3
3.2356582,7.0581846,3
3.0653706,5.4871335,3
3.0953853,7.148745,3
0.63946855,7.82049,3
3.2522168,7.8669796,3
3.2924113,5.7565627,3
3.001741,7.041691,3
3.4042747,5.4390464,3
2.9526398,6.9594264,3
3.0622344,7.009903,3
2.4419384,7.275527,3
2.8980572,6.6863503,3
3.1207974,7.5234604,3
3.1033425,6.7505274,3
2.9860065,7.7803283,3
2.8961124,7.955938,3
3.180259,7.809921,3
2.955336,9.180909,3
2.588813,7.505727,3
2.2654002,4.8811417,3
0.27814686,8.37005,3
1.9449753,4.61875,3
2.2677953,8.777489,3
2.6471066,7.58193,3
2.6701274,7.852558,3
3.022558,7.9096804,3
1.4101266,7.3146935,3
0.8613371,8.360888,3
2.825818,7.839253,3
2.6697915,5.5830617,3
2.689395,7.5863123,3
2.714756,7.8265724,3
2.7619677,7.7203746,3
3.1888437,7.3832197,3
3.0432463,5.4017143,3
1.8135984,5.647364,3
1.5026937,7.8688345,3
1.9779111,5.3862243,3
2.0494359,6.3098392,3
1.2758939,4.9414406,3
1.3132584,4.860365,3
1.7856576,5.470083,3
1.7394564,5.375965,3
2.1731088,5.140566,3
2.7109885,6.145656,3
0.18433066,8.324403,3
1.9537537,5.3951273,3
2.8559961,6.1450505,3
1.9338971,5.5967126,3
2.9271529,6.469503,3
2.2432075,5.7266183,3
1.9435025,4.6254535,3
0.35060593,8.432985,3
1.4186472,5.179312,3
1.5756444,4.910809,3
0.698639,8.001956,3
2.8444185,7.9779634,3
2.8231387,8.088677,3
1.9064126,5.6071424,3
1.5336696,4.909447,3
2.2007492,4.7918215,3
2.3401058,5.6082006,3
3.2343838,6.4841146,3
1.4337659,5.200465,3
2.7939365,5.854815,3
3.156658,6.859156,3
0.16723053,7.864038,3
1.114348,7.03699,3
2.3582633,7.2091527,3
3.222197,6.422906,3
1.9113426,4.7084546,3
0.5741328,7.5035706,3
1.4342326,5.1436424,3
2.154486,5.6399302,3
2.485652,7.012014,3
2.4488196,7.3814306,3
1.8664178,4.638385,3
1.3050058,8.298775,3
1.9348295,4.758196,3
2.2785344,8.955828,3
3.076239,7.0583754,3
0.53461045,7.622039,3
-9.825297,17.709679,0
2.6730554,5.1840425,3
1.6275643,5.6926265,3
0.7008097,8.846114,3
2.3506303,5.4946384,3
1.9202356,5.479316,3
1.3755236,4.9489098,3
1.8722134,8.442602,3
1.5025386,4.767701,3
1.6283963,4.864116,3
1.7426288,4.9448776,3
2.8874316,6.436855,3
1.9483773,5.400394,3
1.3677944,4.9097214,3
2.0727487,4.679797,3
2.064862,5.87916,3
3.0817928,5.455595,3
0.51506776,7.924359,3
3.419047,7.696246,3
2.6210787,7.8657727,3
2.4916623,5.0636015,3
2.7213023,7.817828,3
3.1769104,6.1441784,3
2.2354205,5.8477807,3
0.97718924,8.385626,3
0.3101296,8.419801,3
1.7842371,8.459334,3
2.9157672,22.62091,1
3.095604,7.069502,3
2.8100033,5.405096,3
2.5023232,7.4118834,3
1.2502092,7.2220078,3
2.8449728,5.6917257,3
2.411207,8.871116,3
1.8834882,5.661759,3
2.5281627,7.3545947,3
1.618505,5.240306,3
1.9349774,5.141411,3
1.8128688,5.1866727,3
2.044988,8.4893465,3
2.371571,7.403586,3
3.0412586,7.8568225,3
1.267885,5.1861796,3
3.6254897,8.0508995,3
2.971556,6.0390034,3
2.1961236,8.223409,3
2.9947867,6.765932,3
2.6776426,7.948017,3
2.2875652,8.315172,3
1.1782016,6.7557826,3
1.939002,7.495817,3
2.0146413,7.101323,3
2.2920058,5.659812,3
2.0546362,4.663644,3
1.3021104,5.1093516,3
1.9459435,4.613402,3
1.4724411,5.2601833,3
3.0640802,5.929101,3
3.4329677,9.064875,3
1.9883679,4.5435987,3
0.72399485,7.7383847,3
3.2531688,6.4803834,3
2.8440974,6.776609,3
2.1164045,4.5416164,3
1.9239694,8.919295,3
3.1708298,6.692448,3
-0.06516179,2.1957166,3
3.412189,7.5210404,3
0.51369506,7.71937,3
1.3088923,8.199371,3
2.8740819,5.836279,3
2.232433,5.6989293,3
1.2630767,8.941227,3
2.083975,8.216863,3
2.2784362,7.321517,3
3.1377153,7.13876,3
2.0157583,8.252056,3
2.5361972,8.408908,3
3.1602829,5.46068,3
1.8571343,6.4130163,3
1.1497779,6.5139213,3
3.5239294,5.8001,3
2.8927188,4.946896,3
3.1093698,7.7223167,3
3.5854573,4.6716323,3
3.9550288,4.599135,3
1.4632512,6.636599,3
3.306263,6.3223467,3
2.9276931,5.0137396,3
0.18316808,7.9333377,3
2.5938234,5.2968535,3
1.4197124,7.823713,3
3.9972446,4.197104,3
2.2868726,5.553602,3
4.3980746,4.2449284,3
2.7915971,4.907862,3
3.2758088,6.614907,3
2.553794,6.211327,3
0.13138717,8.009922,3
2.3008544,5.0714498,3
0.16363804,7.9978843,3
3.092547,5.9560637,3
0.16310956,7.918008,3
2.8237014,5.981078,3
0.14221486,7.935624,3
0.52393514,7.6880407,3
2.9109998,6.3013415,3
2.4827518,6.847426,3
2.5519695,5.064586,3
3.0400789,9.15865,3
0.9880584,7.0819955,3
4.041247,5.6001015,3
2.863559,5.087816,3
4.243245,5.6858935,3
3.076169,6.7826552,3
0.54648364,7.820595,3
2.681427,5.8480716,3
3.4686642,5.92954,3
2.9635496,6.538528,3
2.3310807,6.4833264,3
2.5576558,6.0383983,3
3.3463247,6.801866,3
3.2729948,6.646082,3
4.0544734,4.3183646,3
3.635775,5.58557,3
1.533548,5.66328,3
4.7240686,6.0520916,3
2.7584026,6.2949314,3
2.7876751,5.381325,3
2.6463957,4.964829,3
1.6304824,8.976405,3
3.2560055,7.458052,3
1.2682327,8.114389,3
3.167053,6.089132,3
2.853399,8.604703,3
1.8191267,8.763287,3
1.4534268,8.611686,3
1.0713499,7.767242,3
0.77667356,8.853376,3
0.3641636,8.56364,3
1.8547728,6.6072497,3
2.8704119,6.018159,3
2.6222863,5.1201115,3
0.50623596,8.562055,3
2.5029514,6.1166205,3
1.8240464,5.347201,3
3.879048,4.5893183,3
3.024881,6.556166,3
2.0284693,6.070998,3
1.8951699,6.4031096,3
0.64241254,8.227178,3
2.4228373,5.230542,3
0.95408267,8.9021015,3
3.4083865,5.2551775,3
0.46525195,8.696616,3
0.5510209,8.842951,3
2.3540192,6.119906,3
3.7363021,5.9296927,3
0.5760921,8.383666,3
1.3148625,7.0550623,3
2.313493,6.0370636,3
4.207299,4.274086,3
3.0011914,4.928848,3
3.0954869,5.4447093,3
1.0346472,8.599116,3
3.4788258,5.1066017,3
1.8408445,6.5977125,3
0.3305488,8.478912,3
3.3905911,5.827389,3
0.8247159,7.086663,3
3.345008,4.4819603,3
3.4151928,4.8151684,3
3.6084557,4.2266793,3
2.418189,7.479103,3
1.1620166,8.8583355,3
1.319019,7.1436257,3
4.2328095,4.3247814,3
4.0072055,4.3842416,3
1.8696101,9.246855,3
1.0459774,7.2005825,3
0.3751595,8.500008,3
1.2747014,8.301902,3
0.50752753,8.622306,3
3.7757165,4.655558,3
3.19153,5.9467835,3
2.6730263,5.390838,3
3.3707054,5.203678,3
3.9161625,4.128732,3
0.8754576,8.011543,3
3.2883227,4.986674,3
0.69515055,8.91494,3
3.4220095,4.96191,3
0.23781446,8.402197,3
3.713833,7.093843,3
1.155387,7.65857,3
3.933507,4.460688,3
0.805876,7.5718575,3
4.2977095,3.9647508,3
1.2007021,6.965194,3
0.97682124,6.7494907,3
0.9947374,8.266665,3
2.1287994,6.5960274,3
1.3206209,8.248934,3
3.337875,6.380582,3
1.1982994,8.153355,3
2.855543,8.704616,3
1.4064949,8.00795,3
0.97151035,8.335078,3
2.8904026,6.505257,3
1.9701798,8.89014,3
1.1172966,8.030793,3
0.538907,8.756664,3
1.1450366,8.060366,3
1.7698154,7.792586,3
4.104369,4.5541186,3
4.2142496,4.190651,3
3.4944472,5.823298,3
3.773177,4.1148844,3
0.65047735,7.297593,3
4.236509,3.8986073,3
2.8591318,5.302883,3
2.5340962,5.995552,3
0.35255912,8.507867,3
3.1926863,6.998701,3
3.5263865,4.2098784,3
2.524892,5.737792,3
0.4955628,8.546532,3
1.1632706,6.523986,3
2.853235,6.0409603,3
0.98544335,8.757248,3
1.7351421,6.694251,3
2.9955022,8.23752,3
3.7088578,4.465262,3
0.309842,8.429439,3
2.9963386,7.50213,3
0.89466,8.29715,3
2.7608542,9.079025,3
1.8633766,8.407576,3
3.2535143,9.064159,3
3.5526075,5.9001737,3
0.8672778,7.8139954,3
3.4957597,5.864119,3
2.8806288,8.422849,3
3.788058,4.697526,3
2.5601115,7.2072954,3
4.049341,3.86316,3
1.6647679,6.526949,3
3.3117604,5.608696,3
0.8717102,7.667392,3
0.9026729,8.009139,3
2.901976,7.619242,3
1.0158577,6.657186,3
3.2364676,5.456496,3
1.8544002,6.6322637,3
1.3427178,8.021846,3
2.0546675,6.331463,3
1.8443552,6.220287,3
2.297956,8.497445,3
2.575535,7.624537,3
3.2357512,6.7746763,3
1.2514462,6.282848,3
2.8402812,7.7920003,3
1.959463,5.14467,3
1.7880079,6.220093,3
3.2736669,6.043588,3
1.1018755,6.551753,3
1.6857363,5.7669563,3
0.92588395,8.696206,3
2.4486413,6.1540256,3
2.3857,5.687632,3
4.366519,3.9613533,3
2.9813218,8.606804,3
4.330153,4.2373347,3
1.9955654,6.343169,3
3.27076,6.2770867,3
1.9776254,7.289288,3
3.326421,5.102253,3
3.163677,4.490163,3
0.56577927,7.474771,3
3.3613727,5.8298187,3
2.539266,5.3330903,3
4.289885,4.2302513,3
2.1046467,4.999068,3
2.9142194,5.8166056,3
3.079883,5.9241543,3
4.1827917,4.435222,3
3.2608476,5.855921,3
2.2576866,4.8636904,3
0.7785193,7.5686846,3
2.9991622,6.159524,3
1.9730742,6.9465523,3
0.5524641,7.6385303,3
2.7087681,6.848952,3
4.0264735,5.8796597,3
2.8631697,4.8784876,3
1.5016925,5.604544,3
2.2631423,9.068112,3
3.259568,6.738283,3
2.7335804,7.7831635,3
0.84341645,8.8294525,3
0.5192881,8.725178,3
2.7699428,5.580672,3
2.5918963,5.710503,3
2.8856397,7.694608,3
2.7404766,5.3061113,3
3.38956,4.377296,3
3.4108944,4.824693,3
2.0556312,8.730641,3
3.324663,5.4139624,3
0.21204747,7.8357177,3
3.3629177,4.509905,3
3.935582,3.9958277,3
0.60091287,7.4720488,3
3.2094705,8.791565,3
0.5546233,7.80646,3
1.0265955,8.612346,3
2.945161,8.738648,3
3.3834496,7.000067,3
3.1018324,5.9876723,3
3.2551749,5.879118,3
0.43744612,7.7032056,3
0.5578792,7.9773273,3
3.0149443,6.030922,3
2.783773,5.9354305,3
3.065033,5.5936112,3
1.9482706,6.538007,3
0.4425281,7.7438617,3
3.252988,6.5973306,3
1.1993202,6.5164237,3
1.1903442,7.801346,3
2.2608917,6.6206484,3
2.3704515,6.0675917,3
0.95830506,8.645765,3
3.526304,5.8223186,3
2.2196722,6.1851354,3
3.2317753,4.454573,3
4.210772,4.419272,3
0.17489213,7.973901,3
2.361113,4.96704,3
1.4146837,5.4417343,3
3.2692578,6.2132645,3
1.9898973,9.0027275,3
1.7065268,6.6641955,3
0.47708696,8.543222,3
2.3511279,6.0573587,3
1.4541768,8.786524,3
4.4702096,4.1459675,3
3.5169585,4.3308983,3
0.917425,6.956592,3
4.238508,3.808657,3
0.86037755,8.791907,3
3.8481393,4.723763,3
1.570136,7.3612823,3
1.1045835,8.765668,3
1.9251554,6.6171417,3
2.0377975,6.5041156,3
3.498807,4.738497,3
3.4846165,4.395447,3
2.1355925,7.619944,3
3.6567667,5.157244,3
2.4890766,9.190082,3
3.8411222,4.2931757,3
3.7012758,4.100802,3
3.809281,4.0209894,3
3.7625973,4.152723,3
1.9827645,7.9771996,3
4.103487,6.6057887,3
3.7055087,5.3890033,3
4.154514,4.662966,3
2.1638374,6.2665124,3
3.4855156,8.253089,3
3.440505,6.4980617,3
1.8441776,7.902604,3
0.75485283,8.8997,3
3.6495283,5.157178,3
3.3557997,4.7881093,3
4.135993,5.6028843,3
0.90612894,6.885208,3
2.5350664,8.831346,3
4.404636,4.43723,3
0.37922105,8.541105,3
3.50346,4.5007844,3
3.2955384,4.543841,3
4.57044,4.323504,3
3.4551592,5.1834116,3
4.3193183,3.8449922,3
0.8650891,7.125369,3
2.5314906,5.98024,3
3.6800277,4.552284,3
3.6755297,4.5817404,3
4.040085,4.7834005,3
2.1070035,8.430151,3
3.5221226,4.2473855,3
1.0257477,6.7057567,3
3.8049977,5.836522,3
2.0658753,6.442715,3
4.232689,5.21825,3
3.628368,5.850165,3
4.6018586,4.233453,3
1.0553352,7.459887,3
1.9207302,8.561754,3
3.9543293,4.5131245,3
1.9153496,6.7093925,3
2.7464805,9.099736,3
1.9756408,7.25671,3
1.0604953,8.371467,3
2.321472,8.20229,3
3.1752014,7.1100545,3
2.147856,8.712398,3
2.237654,8.165381,3
2.90725,7.1415257,3
3.4774668,5.9796925,3
2.1546025,5.844641,3
1.3895926,9.01032,3
3.392876,9.097969,3
4.275685,3.8245318,3
2.8776839,8.208217,3
3.3019128,4.4549217,3
1.1571788,6.8397613,3
3.9753737,3.919095,3
3.6669188,5.3794804,3
2.9673648,9.131788,3
3.490787,4.370762,3
2.785021,9.057941,3
2.656713,9.098438,3
2.7801983,9.103532,3
4.004197,4.1771007,3
1.3229861,8.896888,3
1.874511,9.251453,3
3.2966921,4.4149327,3
2.369632,5.7380395,3
4.4630113,3.9687371,3
4.440062,4.2299366,3
3.6218114,4.8523617,3
1.6310011,6.7005014,3
1.6707728,6.718759,3
1.7849218,6.99145,3
1.1427077,7.70314,3
2.253447,6.2613945,3
3.2876637,4.556168,3
1.6576806,8.464053,3
3.4302857,4.381119,3
3.9612658,4.480773,3
3.3015704,4.417133,3
3.4644744,5.132979,3
3.4296472,4.372405,3
1.8455845,8.432723,3
2.420189,8.026775,3
4.5182314,4.1259303,3
1.4929457,7.9734497,3
1.3746675,8.832322,3
2.158881,6.380687,3
2.1103761,7.8731623,3
4.623464,4.289269,3
4.644042,4.254746,3
3.3553464,4.649075,3
1.7547629,8.459456,3
1.5284142,7.5764165,3
1.4250875,8.491107,3
2.2296343,6.933664,3
3.028741,6.3754025,3
2.1026444,6.8268003,3
1.8673301,7.439668,3
2.4338315,6.0869923,3
0.7276415,8.616997,3
3.9986663,4.4461746,3
1.5518569,8.14643,3
3.7911155,4.6026917,3
1.1935778,6.5905585,3
2.5313945,5.991286,3
3.3412507,6.289601,3
1.4487443,8.371317,3
0.87863195,8.600003,3
1.1668539,8.48656,3
2.4788888,8.969804,3
2.6307375,9.188967,3
1.9301465,6.3357244,3
0.4286874,8.549911,3
3.060922,9.079655,3
4.1365886,4.31283,3
1.9740068,6.377665,3
3.0404038,6.5227404,3
2.513438,9.262311,3
4.658363,5.679499,3
1.6583136,6.7214737,3
4.1961813,4.341833,3
2.3031723,8.9283085,3
3.0030663,4.9978275,3
2.4154587,7.1683855,3
3.4332316,6.263758,3
4.0911207,4.3448195,3
2.7128584,5.9995003,3
1.3058512,8.951578,3
3.3996136,6.4329805,3
3.597688,4.3270793,3
3.6256983,5.5741453,3
0.41265765,8.531457,3
2.0107706,6.9221816,3
3.69437,4.6506767,3
3.456423,5.1807175,3
4.595533,4.333274,3
1.3307564,8.904464,3
3.8667326,4.1984057,3
1.7834394,7.9564652,3
3.3106847,6.6559224,3
4.728857,4.3149405,3
4.7717,4.4573064,3
4.0355506,4.749736,3
3.8185616,7.0403495,3
4.278439,4.290532,3
1.1814467,7.728878,3
4.4384227,3.9230409,3
4.4063005,3.9141314,3
4.357628,3.908529,3
4.563856,4.289424,3
4.4673085,4.3290915,3
1.8685106,7.927706,3
3.7034895,5.7260246,3
4.0871334,5.192767,3
3.754606,4.4863815,3
2.1869624,8.813344,3
4.6776924,4.1489735,3
2.3314672,9.196522,3
-0.051849857,9.342581,3
3.5488954,8.825297,3
4.402941,4.029235,3
0.6224309,8.550719,3
3.1718705,8.518355,3
-0.039956693,9.343976,3
1.1268454,8.176621,3
2.113884,7.1016064,3
1.4454008,8.691859,3
3.4911432,5.0092344,3
4.433575,3.8032722,3
3.6669846,8.20221,3
4.1883225,4.0979514,3
4.4929967,3.8211296,3
1.869363,6.932886,3
1.7966884,7.0253243,3
2.4648995,6.1543894,3
0.5048127,8.577576,3
4.075608,4.8075867,3
2.282189,6.246639,3
4.223945,3.8246834,3
4.396692,3.8535695,3
4.4157553,3.8422625,3
3.39876,5.217061,3
3.6385736,8.505314,3
3.8917148,4.4662037,3
4.5518003,4.3128066,3
4.2710934,4.273613,3
3.964245,4.2725477,3
4.574257,3.8635836,3
3.4628222,7.4768777,3
2.2964702,6.202933,3
2.179545,6.476711,3
3.5263696,4.877468,3
3.408021,4.6673503,3
3.0855958,8.736601,3
1.6033821,6.7937427,3
3.4293768,8.689252,3
4.610183,4.270012,3
1.7269986,7.849096,3
4.21119,3.7997606,3
4.427361,4.003229,3
2.82774,6.516447,3
4.4112687,4.358086,3
2.1277957,6.709425,3
3.466124,4.9748297,3
2.1061842,8.933046,3
3.9419131,5.161422,3
3.916555,4.880341,3
2.1701398,6.8085046,3
0.28691098,8.421307,3
2.0875185,6.827006,3
1.3117933,7.769884,3
1.304889,7.7505426,3
1.240762,6.90833,3
1.967083,6.462561,3
3.0404067,7.9181905,3
2.11783,6.784307,3
4.5119696,4.1981206,3
1.2420472,7.5466413,3
4.195412,3.8479478,3
3.8165326,4.127807,3
1.3736073,7.299792,3
0.913083,8.283156,3
4.4041886,3.8048692,3
4.1354723,4.3337984,3
4.055683,4.3203764,3
4.527128,4.2571583,3
4.229716,4.1098228,3
1.7399783,6.58209,3
4.658013,4.146199,3
3.6627693,5.1949334,3
1.5084447,8.865205,3
1.1945666,8.547268,3
3.2589788,6.3174076,3
1.8444772,8.209092,3
2.1779165,6.8784566,3
4.382273,4.050755,3
4.5944014,4.169862,3
1.6460468,6.5811033,3
4.661596,5.6663337,3
4.290937,4.3238153,3
3.3317678,4.7580843,3
3.642767,4.3014426,3
4.022063,5.0448394,3
1.3659092,8.573386,3
4.635294,4.0870066,3
2.1492627,6.191502,3
3.977165,3.9469109,3
-0.16568282,9.560153,3
0.9744829,8.791934,3
4.291912,5.47857,3
4.6973157,6.6756163,3
4.224271,6.381474,3
2.54546,8.857243,3
4.3766975,6.3893147,3
1.5416428,7.290039,3
4.5327506,5.9546366,3
1.3719441,8.425978,3
4.392811,6.3445106,3
1.889184,7.9766507,3
3.8123627,8.5311985,3
3.4614797,9.0640335,3
3.450304,8.69781,3
3.9200547,8.301554,3
3.339173,7.037594,3
4.495954,5.886606,3
3.7700362,6.9217763,3
1.268249,6.807538,3
4.2857604,6.3708177,3
4.1587105,5.9081903,3
3.8997226,6.8102303,3
2.1478922,8.751559,3
3.5449748,8.882634,3
4.282368,4.9868145,3
4.320293,5.2401257,3
4.033591,5.2407002,3
4.213552,5.0786753,3
-0.19148411,9.540655,3
4.3183775,6.0000815,3
3.438688,8.123521,3
2.2775521,6.6598754,3
1.281294,6.821194,3
1.4867826,9.04149,3
1.2662828,6.766994,3
1.5581763,7.013695,3
2.834143,8.103938,3
4.759754,5.3331785,3
4.826401,4.9234543,3
0.77577245,8.9041395,3
3.3894963,6.6526003,3
2.955211,7.968264,3
4.2168946,5.2022433,3
1.4190372,8.437172,3
1.7766302,6.6735587,3
3.5682569,8.752076,3
0.92668283,8.768669,3
2.2415576,7.1162853,3
1.2582341,6.674522,3
3.7482836,5.4236207,3
-0.17729668,9.521545,3
5.0814548,5.032787,3
5.104845,5.0307155,3
2.0732496,8.717109,3
4.408264,5.3204713,3
5.0577908,5.0577197,3
4.211017,5.758326,3
1.2615849,6.7158055,3
4.9799414,5.189589,3
4.8562407,5.208882,3
5.0689573,5.0301094,3
4.549569,5.2633758,3
-0.20724572,9.565833,3
1.6325648,7.324312,3
1.2435695,7.643174,3
4.8490987,6.502183,3
1.4681251,6.8598385,3
4.834373,5.526718,3
1.2326808,7.5919695,3
4.144953,5.0850964,3
2.920746,9.196125,3
5.0617146,4.945533,3
-0.18543419,9.552469,3
5.013774,5.002397,3
3.4775267,9.053814,3
5.121522,5.145503,3
1.3867126,8.079999,3
3.1418202,9.154545,3
1.4193882,6.7575474,3
1.9697381,9.22475,3
1.8816235,7.8929605,3
4.577457,5.885842,3
1.2859105,7.4937162,3
1.1553797,8.005354,3
-0.18985559,9.543504,3
4.2311096,5.37993,3
4.3371134,5.8973207,3
0.40696946,8.468281,3
3.6192987,8.672619,3
4.4798803,5.584349,3
4.8659105,6.2449284,3
2.4074068,7.8387723,3
1.9341173,8.214057,3
4.4316726,6.068921,3
-0.084243044,9.4273615,3
4.9778275,5.4481654,3
4.6349664,5.6248093,3
3.1258273,8.597884,3
1.4547273,6.9674544,3
3.5358825,8.920531,3
4.526539,5.5637555,3
2.9279628,9.207917,3
4.7169867,5.7061048,3
3.645051,8.039265,3
2.0660229,8.270866,3
3.9676523,6.81635,3
-0.19049832,9.542531,3
4.2200522,5.5067368,3
1.4215459,8.490217,3
4.8982434,6.420749,3
3.0082538,5.8597293,3
3.3912928,8.256852,3
3.8162296,7.0396113,3
3.6936662,6.874733,3
4.6263423,5.3085613,3
4.0528216,7.0048246,3
-0.17143817,9.546561,3
-0.17063762,9.548363,3
4.1182723,6.9271593,3
4.273708,4.1593947,3
1.3190076,6.7170925,3
2.1829255,8.531653,3
2.9638898,7.568405,3
3.139443,9.201372,3
2.173755,8.576588,3
1.1821748,8.180856,3
2.9978004,7.9439545,3
1.6323689,6.3591895,3
1.014811,7.0242863,3
-0.18229406,9.536923,3
4.2518835,6.893266,3
4.6506352,5.7890673,3
1.1986967,6.840593,3
1.5040053,7.8321543,3
1.2782828,8.807787,3
4.6227355,5.6256905,3
2.4529352,6.78838,3
1.5291862,7.262302,3
4.7626476,5.9637995,3
-0.2187575,9.577989,3
2.0782254,8.710146,3
1.3664823,7.8968377,3
3.4768453,8.847702,3
4.9106164,5.051339,3
5.194571,5.118715,3
4.932399,4.8042774,3
3.9827013,6.8047853,3
3.3568578,9.119063,3
2.87328,6.3647995,3
3.6037636,8.210949,3
4.8534985,4.6308093,3
-0.18951304,9.546224,3
1.2510203,8.226818,3
4.8692684,6.296291,3
1.2417264,8.240941,3
3.7875552,7.653339,3
4.671933,6.035883,3
3.1061125,9.025982,3
3.009475,7.3884425,3
3.11181,7.820141,3
3.5564826,6.0004025,3
1.4375429,7.2671404,3
3.9725795,6.859646,3
1.5016867,6.809905,3
4.686503,4.0744033,3
3.9276874,4.3213677,3
2.257053,6.4141984,3
3.4978838,7.9406514,3
4.112995,5.1219773,3
2.318235,6.11933,3
1.1808871,7.1114187,3
1.8786678,6.4736905,3
1.4537542,6.843747,3
-0.1843764,9.537339,3
1.746825,6.558237,3
1.4405587,7.1244,3
1.4790349,7.452464,3
1.2794212,6.1547403,3
4.4898286,4.3993363,3
4.884783,4.5207963,3
4.52854,5.7581906,3
1.5111108,7.2076125,3
3.8791869,7.0154552,3
2.2557745,6.609061,3
5.143168,5.087727,3
2.002288,7.9531093,3
4.431915,6.2963076,3
4.610981,4.814679,3
4.714774,5.64011,3
4.706513,4.4468718,3
4.9150476,4.5290604,3
4.2149553,6.007809,3
1.3995706,6.8093357,3
2.049975,8.944452,3
1.3301374,6.9048815,3
3.6334236,8.830406,3
1.2867723,7.3841147,3
4.854596,4.309363,3
4.883866,4.5523643,3
3.74339,7.0065427,3
1.5371932,6.745537,3
1.4582096,6.757005,3
4.224444,5.1192346,3
4.0550647,6.7159753,3
0.90811664,8.409983,3
0.8363284,8.78949,3
3.6971548,5.7152433,3
1.6949266,7.020625,3
4.1825294,5.4505806,3
4.6804996,5.6638556,3
3.5090075,7.287591,3
4.553474,5.2196646,3
3.9008534,5.9214997,3
2.0098,8.240134,3
3.493095,8.944899,3
3.5567756,8.61626,3
5.184519,5.1293983,3
3.0302143,7.890514,3
3.3572614,8.57588,3
4.967028,4.6844106,3
3.3037007,8.247554,3
4.133652,4.254478,3
3.754809,4.2202764,3
1.6168988,7.7489996,3
4.7357006,4.433996,3
4.943334,4.661795,3
3.0371208,7.9045973,3
2.58554,8.749811,3
4.553624,5.037958,3
3.630864,8.020148,3
2.2393107,9.194318,3
4.673946,5.572297,3
1.2917081,8.621327,3
5.1344066,5.1502085,3
4.8150325,5.1545343,3
4.6910324,4.3233852,3
1.3265436,7.7759433,3
0.30263647,8.498568,3
4.9491663,4.7460575,3
2.1318414,8.983604,3
4.251197,5.0697,3
4.90872,4.9798045,3
4.827766,6.3292346,3
4.8967524,6.6049314,3
4.9373302,6.297926,3
3.6302016,8.505293,3
4.7635307,4.967159,3
2.013949,8.984688,3
4.80329,5.7098937,3
3.7508128,8.543548,3
4.281252,4.3060145,3
3.3406842,8.095547,3
4.5931983,5.9071836,3
4.473927,6.1602654,3
4.107942,5.271937,3
4.444459,5.847747,3
1.155378,8.86231,3
1.8747675,8.425239,3
4.128548,6.282293,3
4.194151,5.0650034,3
3.7729774,8.456337,3
4.509542,6.042183,3
1.7933815,7.0170197,3
4.6695423,5.9591656,3
2.144334,7.1690874,3
4.6900206,5.2614365,3
4.8207836,5.626212,3
4.67321,6.0263233,3
2.0868115,8.381896,3
1.4222767,8.706871,3
2.7606015,7.438531,3
3.8063097,7.8605576,3
1.740333,8.081301,3
4.3745756,6.2314687,3
3.822098,8.1289215,3
4.7401505,6.147474,3
3.934318,8.174247,3
3.352099,8.390222,3
3.1961598,8.099514,3
3.5384436,8.822948,3
2.5827012,8.110685,3
2.5353644,9.288852,3
3.6986203,8.546911,3
2.2676911,9.061398,3
1.6283816,8.428258,3
1.2757548,8.109271,3
2.7380133,8.142303,3
3.9776452,8.202016,3
4.9456596,6.261656,3
1.4580697,8.195716,3
2.2577293,8.882394,3
4.4006395,6.0413237,3
2.1040192,8.910685,3
4.8872924,5.879176,3
2.026948,7.922691,3
1.7495389,9.178077,3
1.51275,8.825696,3
0.900408,8.841875,3
4.7609725,5.9799786,3
4.875518,6.1919303,3
4.580325,6.2968073,3
1.2374046,8.803883,3
3.1839855,7.2984557,3
4.8871975,5.0851383,3
1.1223654,8.621885,3
3.6662574,8.16377,3
1.7681631,8.489067,3
4.5095916,6.3332014,3
3.7192705,8.283242,3
4.8853836,6.1860237,3
4.341096,5.643834,3
5.175139,4.9968596,3
0.8955068,8.884649,3
3.776503,7.9149823,3
4.020323,6.729035,3
1.6486402,7.0141516,3
4.2671766,6.3169518,3
5.0053105,4.936573,3
3.972868,5.4917617,3
3.4558349,8.001565,3
4.750059,6.2286277,3
4.522298,5.9265265,3
3.7894795,7.4613285,3
4.7647395,5.9647827,3
1.514535,7.2147665,3
1.5110164,7.03982,3
3.7039173,7.7031984,3
4.3466268,5.98324,3
3.7619905,7.0775476,3
3.9033,6.9960194,3
4.7219543,5.710772,3
4.746128,6.1575255,3
1.1254189,8.7213545,3
1.9270966,7.264819,3
1.0776862,8.460087,3
4.467975,6.069065,3
4.0221305,6.5059905,3
2.20054,8.194862,3
5.1728225,5.070424,3
2.215088,8.782004,3
1.981391,7.2126994,3
3.6408179,8.307643,3
5.2576404,5.0873294,3
3.7982361,8.376788,3
4.0771165,6.366645,3
1.68187,7.719887,3
5.2641897,5.10214,3
3.5092447,8.672188,3
4.2751713,5.2593646,3
2.468161,8.182779,3
3.9389062,6.669335,3
4.810791,5.7724104,3
2.0766702,7.1171293,3
3.6543937,7.0272236,3
3.9783866,5.7073646,3
2.2004352,8.057926,3
3.5803921,6.980485,3
3.203728,8.107944,3
3.6314664,8.648427,3
2.0275056,7.1866937,3
3.6630564,8.239402,3
1.9528418,7.9560776,3
4.9063993,4.432417,3
3.3219507,8.997881,3
3.2499819,8.820252,3
4.249044,5.3928356,3
4.3093314,6.041935,3
2.3990235,7.8792214,3
3.8846488,5.6047897,3
4.033628,6.766245,3
4.2141714,5.409576,3
4.3393855,5.8761206,3
3.5430725,7.1220837,3
3.1160283,9.192365,3
4.3187566,6.3690143,3
0.9310051,8.571305,3
4.803067,5.1481466,3
4.2488265,6.1352005,3
4.66675,6.079572,3
4.7708135,4.1643295,3
3.3894389,8.110497,3
4.3247137,5.949784,3
4.55761,4.235948,3
3.4453244,8.738748,3
1.7100874,8.877732,3
4.8649793,4.2240925,3
4.0784755,5.5942526,3
3.3347256,7.0374703,3
1.0659293,8.761041,3
2.8964868,8.970619,3
4.775682,5.829183,3
3.5225718,8.447041,3
3.1324036,7.554741,3
4.006405,6.7525916,3
2.874482,8.322466,3
4.278538,6.5226154,3
4.4982176,6.395211,3
4.4250565,6.1968136,3
3.3226347,8.826703,3
2.853494,9.002524,3
4.732174,6.1968555,3
3.8317542,8.450661,3
2.8335307,9.034207,3
4.565137,5.857185,3
1.2820777,7.957428,3
4.2539725,5.824816,3
4.9450665,4.560552,3
3.3133993,8.8049345,3
4.1771426,6.345386,3
4.20857,6.4387693,3
3.897779,7.1490726,3
3.4552636,8.202629,3
3.463073,8.74712,3
4.01713,6.4941225,3
1.4825072,7.565831,3
2.6091683,8.152857,3
4.306112,6.565964,3
2.6691656,8.187434,3
3.7268002,7.119868,3
3.831894,6.106202,3
3.7923625,7.826131,3
4.084007,6.7632093,3
3.912646,6.9151883,3
1.8787881,8.414923,3
2.4240916,8.289538,3
4.1731954,6.2349153,3
3.2258697,7.856564,3
4.714973,5.4955297,3
4.9759107,4.821041,3
3.8433218,8.265368,3
2.6001084,8.126167,3
1.6934514,9.018569,3
1.7489922,9.160253,3
2.6355855,9.066267,3
3.0817037,9.101014,3
1.0379636,8.765513,3
4.302242,6.51426,3
2.8338253,9.257927,3
2.3104804,8.517699,3
1.781371,8.469122,3
4.0202837,6.849916,3
2.60385,8.1420555,3
5.010724,5.732829,3
1.4819293,8.188898,3
2.5416722,7.938981,3
2.029289,8.433896,3
3.9951146,6.9394646,3
4.7335424,6.157648,3
0.840756,8.389043,3
4.3315363,6.527504,3
4.7175083,5.678868,3
2.4686873,8.74949,3
2.145628,8.379067,3
4.673966,5.7615366,3
4.3464913,6.4371843,3
3.5871377,8.120986,3
3.096792,7.234487,3
2.238929,7.3857136,3
2.0501456,9.202997,3
3.6889532,7.1467676,3
5.06002,4.7927046,3
2.158463,8.341015,3
4.036446,6.8389277,3
3.3121808,8.835407,3
4.632712,6.2727103,3
3.7837794,7.073308,3
3.0304813,7.6371818,3
2.5240211,8.149446,3
3.5938988,7.1812215,3
5.243603,4.962596,3
4.6392026,6.0809593,3
1.8476672,7.9052567,3
1.7246066,8.13841,3
3.3423948,8.703651,3
3.575767,7.2301407,3
3.6705496,8.615853,3
1.968333,7.859122,3
3.0385408,8.182946,3
5.270458,5.0441394,3
5.2308702,5.04231,3
0.9332748,8.756584,3
4.8377023,6.0204344,3
2.6084979,8.117413,3
1.0089221,8.576967,3
4.666573,6.283369,3
2.5745661,9.167057,3
1.028115,8.5510845,3
1.8959012,8.448483,3
4.471884,6.096406,3
2.5214431,8.219509,3
2.6714911,8.030101,3
3.3964279,7.437806,3
3.0102317,8.930992,3
0.6461276,8.684088,3
4.259409,6.111782,3
2.156006,7.8773923,3
3.78508,7.5364833,3
1.9956841,8.373174,3
4.317755,6.4618692,3
3.6715157,8.726024,3
1.1892221,8.032888,3
5.014704,4.892945,3
3.227287,8.155631,3
4.2410493,5.3910646,3
1.9356247,7.2692523,3
3.8865724,8.204621,3
4.255996,5.7627764,3
3.356514,8.202918,3
2.9295747,8.012978,3
3.8212826,7.0942736,3
4.946146,6.191227,3
2.9149194,9.19785,3
3.3167274,7.434048,3
1.2818341,8.028608,3
1.9752591,7.1990447,3
3.6319172,8.018301,3
3.810703,6.938181,3
3.8302774,6.6424036,3
1.9474751,9.2480545,3
3.3317468,8.744515,3
5.2702804,5.059389,3
0.32189092,8.486481,3
3.5049202,8.652947,3
1.0671912,8.756304,3
3.3634276,8.796269,3
3.839519,8.285785,3
3.5954597,8.279767,3
0.5102308,8.606071,3
3.3436513,8.957636,3
1.5705936,8.862485,3
1.8523313,7.354021,3
3.7314286,8.313768,3
3.7451046,7.288552,3
20.386122,4.068603,2
19.326319,4.446571,2
19.123817,4.523811,2
19.497795,4.286724,2
19.20739,4.4843197,2
19.050655,4.593837,2
19.326082,4.407998,2
20.86339,4.952361,2
19.65978,4.09739,2
19.06347,4.598254,2
19.089289,4.5605693,2
19.04231,4.6557617,2
19.106375,4.562957,2
19.189049,4.486921,2
19.539333,4.218341,2
19.311638,4.4261966,2
19.649834,4.08629,2
19.516184,4.2515855,2
20.012367,3.7045274,2
20.743124,4.8956785,2
19.867722,4.0195594,2
20.002892,3.1785283,2
19.993362,3.1660938,2
19.950335,3.10335,2
20.069645,3.0603232,2
19.808271,3.0858257,2
19.790247,3.0632474,2
20.089561,3.0641253,2
20.08781,3.0719366,2
20.84793,4.7824473,2
19.67336,3.0614638,2
19.611855,3.0671349,2
19.636423,3.1146908,2
20.039246,3.0759134,2
19.60963,3.0283048,2
19.693535,3.2201343,2
19.606462,3.0207894,2
19.612469,3.027191,2
19.614473,3.0332625,2
19.608685,3.0242293,2
19.788391,3.0428796,2
20.804724,4.9607153,2
19.63679,3.0556793,2
19.73685,3.2666445,2
20.20114,3.3480566,2
20.370434,3.2897134,2
19.954672,3.0295272,2
20.08728,3.0564086,2
20.013412,3.0210912,2
20.464058,4.226315,2
20.737598,4.4231014,2
20.363165,4.46422,2
20.885176,3.9290204,2
20.815903,4.9389296,2
20.550707,4.505361,2
20.8088,4.4844217,2
20.826101,4.9227905,2
20.407503,4.6193557,2
20.873661,4.6050043,2
20.814976,4.534686,2
20.276258,3.9612396,2
20.651955,4.9026794,2
20.86858,4.9524283,2
20.354408,4.487624,2
20.872465,4.76622,2
20.76224,4.9780693,2
20.886772,3.6842275,2
20.65347,3.6588416,2
20.43956,4.5766525,2
20.710157,4.0638037,2
20.469883,4.291102,2
20.694572,4.939033,2
20.119411,4.688977,2
-9.791927,17.696327,0
20.263546,4.63413,2
20.423843,4.8263226,2
20.882246,3.7227669,2
20.329128,4.316556,2
20.810865,3.7019525,2
20.69966,4.0179787,2
20.602524,3.750597,2
20.352543,4.0377727,2
20.795464,3.5232925,2
20.90621,3.501083,2
20.910036,3.5305653,2
20.5452,4.3592563,2
20.671278,3.9274259,2
20.880201,3.557248,2
20.883677,3.6066642,2
20.890636,3.7149475,2
20.975283,3.4948554,2
20.787682,3.7977757,2
20.967678,3.5250874,2
20.96047,3.5892162,2
20.980267,3.5172772,2
20.693989,4.940362,2
20.499683,3.535531,2
20.775995,3.8851,2
20.684631,3.9594307,2
20.933784,3.575896,2
20.200579,4.040098,2
20.689928,3.4997864,2
21.00625,3.5324283,2
20.922684,3.6076605,2
20.415403,3.8334222,2
20.541512,3.412513,2
20.610903,3.4621615,2
20.889713,4.661756,2
20.832943,3.4812317,2
20.358152,3.8168325,2
20.796387,3.5694816,2
20.807055,3.5116286,2
20.303684,3.9136572,2
20.849129,3.5204222,2
20.963194,3.458941,2
20.335505,4.320988,2
20.68839,3.6543517,2
20.169935,4.6032934,2
20.885374,4.9101877,2
20.225687,4.381554,2
19.052645,4.7184577,2
19.967033,4.6137624,2
20.069075,4.5848365,2
20.012072,4.556728,2
20.171652,4.4494867,2
20.167416,4.465896,2
20.872189,4.1090217,2
20.637255,4.1852064,2
20.83003,4.1589665,2
20.77684,4.2450123,2
20.925613,4.8425674,2
20.859161,4.500076,2
20.853489,4.340547,2
20.568966,4.1858277,2
20.798967,4.2142987,2
20.878853,4.3049164,2
20.373545,4.526775,2
20.699488,4.264563,2
20.859825,4.1632442,2
20.460339,4.125148,2
20.537167,4.1730275,2
20.182865,4.4692845,2
20.753185,4.029985,2
20.65332,3.9532995,2
20.778399,3.96453,2
20.825676,3.7224398,2
20.669111,3.8211875,2
20.55438,3.7259114,2
20.421207,4.081293,2
19.791866,3.1588619,2
19.303617,4.517124,2
19.284956,4.530922,2
20.872375,4.5190606,2
19.811659,4.4400334,2
18.863829,4.8464227,2
18.853758,4.845275,2
19.01337,4.7052426,2
20.15196,4.050154,2
20.878178,4.0702124,2
20.241707,3.995341,2
20.134985,3.959441,2
19.03991,4.6502967,2
20.396254,4.5688443,2
19.13258,4.5726895,2
19.604628,4.569017,2
19.33168,4.520235,2
19.379974,4.4780006,2
20.399103,3.7664216,2
20.210861,4.326401,2
20.180803,4.471229,2
19.890524,4.565926,2
19.875933,4.5674148,2
19.196672,4.5884833,2
19.255682,4.5396013,2
20.841005,4.9518023,2
19.305689,4.499958,2
20.103327,3.949352,2
19.719376,4.457252,2
20.460163,3.5435479,2
20.399473,3.449582,2
20.282185,3.9290097,2
20.54709,3.5275655,2
20.068165,4.6467443,2
20.094637,4.6428185,2
20.809563,4.86308,2
20.29884,4.51455,2
20.29381,4.336686,2
20.415934,4.24669,2
20.3292,4.2470393,2
20.561047,4.10953,2
20.450327,3.3395064,2
20.47985,4.1144547,2
20.61236,3.4611378,2
20.274101,4.0801,2
20.478443,3.662988,2
20.764036,3.58718,2
20.900702,5.0050426,2
20.507587,3.5030797,2
20.839624,3.6569502,2
20.49726,3.7255337,2
20.805182,3.61994,2
20.7049,3.5156903,2
20.298708,3.8860934,2
20.599606,3.8883514,2
20.54258,3.9477987,2
20.367136,3.8849154,2
20.859856,4.952524,2
20.747015,4.644095,2
20.503176,3.755621,2
20.38405,3.3892114,2
20.476439,3.5366385,2
20.447767,3.6128986,2
20.539558,3.9101527,2
20.646477,3.9049335,2
20.769623,3.9158335,2
20.42384,3.3134787,2
20.396595,3.346571,2
20.418808,3.3079293,2
20.887562,4.6045427,2
20.7101,3.8364272,2
20.579754,3.842935,2
20.540768,3.6611812,2
20.933752,3.4571712,2
20.702923,3.4951987,2
20.477348,3.6432545,2
20.51607,3.6004794,2
20.604086,3.5739846,2
20.186811,3.1055992,2
20.89127,4.9804196,2
20.241003,3.1117737,2
20.27289,3.1519978,2
20.266096,3.1332843,2
20.23694,3.1149306,2
20.25039,3.123204,2
20.260532,3.16089,2
19.8409,3.0885434,2
19.530022,4.248762,2
18.982426,4.7252536,2
18.836979,4.8622813,2
18.843822,4.8552585,2
20.187752,4.4722376,2
20.899965,4.6263103,2
18.808672,4.886368,2
18.884062,4.821887,2
18.964058,4.7523904,2
18.952766,4.7623115,2
19.004568,4.722,2
20.450346,3.4230666,2
20.305668,3.2407482,2
19.672102,3.0993593,2
19.753443,3.1238582,2
20.781605,4.928003,2
20.256697,3.1612954,2
20.294521,3.1811225,2
19.697292,3.1115158,2
20.258768,3.2101598,2
20.28991,3.2055187,2
20.038322,3.0892715,2
20.22699,3.1322439,2
20.21217,3.1534822,2
19.749424,3.173092,2
19.899464,3.7495654,2
19.704922,4.216796,2
20.86903,4.986113,2
19.676476,4.2837715,2
19.027517,4.7040057,2
18.976376,4.7344522,2
2.2892475,-9.109995,4
3.3809683,-9.16389,4
3.8955078,-9.163004,4
3.8854954,-9.064121,4
3.9158938,-9.235755,4
4.000331,-9.099785,4
3.8988247,-9.089028,4
1.7108324,-8.0525,4
3.8925061,-9.034644,4
3.8756754,-8.997802,4
3.1552453,-8.195414,4
3.7875211,-8.789647,4
3.1817374,-8.124667,4
3.916527,-8.938649,4
3.935784,-8.9862585,4
3.8843987,-9.082492,4
3.8019025,-9.040301,4
3.9287164,-8.947704,4
3.837495,-9.085552,4
2.1629138,-9.666194,4
3.1653416,-8.187887,4
3.0713568,-8.203227,4
3.3023186,-9.3679,4
3.4597948,-9.5061865,4
3.511671,-9.483915,4
3.6820982,-9.408741,4
3.7746415,-9.091919,4
3.0791466,-8.154581,4
3.8594608,-8.842902,4
2.1576295,-9.6586895,4
3.9270513,-9.002228,4
3.966351,-9.015528,4
3.8403528,-8.974085,4
3.8412614,-9.062822,4
3.8247888,-8.951264,4
3.8752193,-9.119632,4
3.9773338,-9.052768,4
3.9319232,-8.982785,4
3.1393015,-8.229871,4
3.927066,-9.039724,4
3.8925633,-8.9498,4
2.2058907,-9.624355,4
3.8884873,-9.04669,4
3.1237648,-8.200021,4
3.0276644,-8.2080345,4
3.1316266,-8.211014,4
3.0963216,-8.255755,4
3.7405891,-8.927402,4
3.9022722,-9.017942,4
1.2449266,-8.131281,4
1.3703802,-7.9270797,4
1.2408165,-7.7949557,4
1.465627,-8.217868,4
1.2917707,-8.141293,4
1.1456797,-8.146462,4
1.2251157,-8.073466,4
2.1315415,-9.680447,4
2.1544745,-9.638876,4
2.2236166,-9.621237,4
2.2712443,-9.582757,4
1.4019674,-7.8986425,4
1.4572413,-7.9361515,4
1.5070759,-7.9317193,4
1.3344332,-7.86666,4
1.8059281,-8.020847,4
2.4246316,-9.380443,4
2.5010607,-9.329598,4
2.4804647,-9.345386,4
2.3891246,-9.480153,4
2.1723707,-9.656398,4
2.1381285,-9.653573,4
1.5362824,-8.239916,4
2.210348,-8.625645,4
1.9862487,-8.2595415,4
2.1294818,-8.541807,4
2.9377303,-9.118605,4
2.9062254,-9.17497,4
2.3678985,-8.773602,4
1.6992868,-8.391656,4
1.2048274,-8.120513,4
1.1620833,-8.124841,4
1.2487903,-8.127931,4
2.2302887,-9.607621,4
1.8726608,-8.2813425,4
2.6521325,-9.037032,4
2.5029352,-9.224367,4
2.4598846,-8.831989,4
2.4976711,-9.017406,4
2.7050037,-9.337476,4
2.7291565,-9.068037,4
2.2592816,-8.428811,4
2.4927433,-8.825196,4
2.636224,-8.958131,4
2.5973773,-8.99788,4
2.4856327,-9.451765,4
2.4378262,-9.06258,4
2.5147285,-9.426753,4
1.5160276,-8.062056,4
1.9791166,-8.235195,4
2.063628,-8.174886,4
2.016045,-8.161643,4
2.1430376,-8.181447,4
2.481235,-8.940953,4
2.8599453,-9.010445,4
2.6097453,-9.310506,4
2.5297377,-9.40305,4
1.8441058,-8.062078,4
2.510816,-9.351408,4
1.4613066,-7.892666,4
1.8524963,-8.0599785,4
1.690389,-7.9879107,4
1.9197783,-8.112777,4
2.5261385,-9.348221,4
2.537801,-9.383955,4
2.535528,-9.395527,4
2.628969,-9.461691,4
2.4445705,-9.3418255,4
-1.5770142,-6.1993923,5
1.4480436,-7.9500537,4
1.5380499,-7.9289045,4
1.9372952,-8.113346,4
2.0490243,-8.1576605,4
2.4610598,-8.901077,4
2.4426873,-8.869663,4
3.4168987,-9.557945,4
2.4793284,-9.343299,4
1.5883572,-7.9643207,4
2.1395874,-8.353869,4
2.3295667,-9.547689,4
2.5093813,-9.476968,4
2.1933615,-8.522496,4
2.1607704,-8.360641,4
2.253784,-8.132397,4
1.9704093,-8.128327,4
2.5026789,-8.382824,4
2.5078814,-8.37095,4
2.269911,-8.088381,4
2.2098718,-8.210837,4
2.2743268,-8.257006,4
2.0916522,-8.208816,4
1.4033628,-7.9029408,4
1.8524137,-8.058715,4
2.2185702,-8.109898,4
2.1110086,-8.038623,4
2.221832,-8.079257,4
2.0803094,-8.064361,4
1.9199625,-8.104313,4
1.8780792,-8.071617,4
1.9380732,-8.1137705,4
1.9613172,-8.165846,4
2.5730882,-8.843545,4
2.28528,-8.459213,4
1.5109401,-8.029786,4
2.1090431,-8.416672,4
1.8363702,-8.419318,4
1.7556564,-8.287338,4
2.1469235,-8.493698,4
1.9781753,-8.370337,4
2.143541,-8.173798,4
1.9147624,-8.080631,4
2.5781848,-8.332081,4
2.714454,-8.521047,4
1.4072706,-7.9590635,4
2.6399832,-8.7411375,4
2.781461,-8.4063425,4
3.3784103,-8.987734,4
2.3641756,-8.264767,4
2.3605866,-8.329574,4
3.4845128,-8.906385,4
3.27581,-8.867825,4
2.7246647,-8.42585,4
2.585969,-8.354705,4
3.2648444,-8.55241,4
2.7647152,-8.396799,4
1.3792315,-7.9533305,4
2.8490906,-8.384002,4
2.7671165,-8.34994,4
2.543754,-8.404213,4
2.7629848,-8.672564,4
2.8504379,-8.864786,4
3.157907,-8.324948,4
3.7452555,-8.86332,4
2.8579004,-8.399146,4
3.679394,-8.809166,4
2.128127,-9.624746,4
2.7260756,-8.346624,4
2.7706592,-8.474779,4
2.7909298,-8.372617,4
2.7778478,-8.421346,4
2.914924,-8.414642,4
2.668235,-8.288155,4
3.1644099,-8.336897,4
3.0850139,-8.300074,4
3.2444274,-8.345262,4
3.1508126,-8.388468,4
2.9242315,-8.291286,4
2.1583316,-9.67365,4
3.1238925,-8.219459,4
3.1967716,-8.3826685,4
3.1474738,-8.258113,4
2.952006,-8.097609,4
3.1842835,-8.327357,4
2.990509,-8.304727,4
2.8484337,-8.367868,4
3.5219953,-9.332796,4
3.5634718,-9.191628,4
2.1554883,-9.671854,4
3.445479,-9.319986,4
3.5717657,-9.343977,4
3.4677505,-9.258544,4
3.4257667,-9.2607,4
2.238587,-8.159983,4
2.165101,-8.087426,4
2.2340837,-8.09909,4
3.562716,-9.193282,4
3.54755,-9.1170435,4
3.7703598,-9.053534,4
3.7397566,-9.151941,4
2.1742249,-9.650953,4
3.6669385,-9.389979,4
3.6117892,-9.383374,4
3.3795617,-9.532082,4
3.277695,-9.412792,4
3.41404,-9.456586,4
2.581391,-8.356309,4
3.3474388,-9.444557,4
3.3755875,-9.527829,4
3.3200393,-9.491679,4
2.1643324,-9.671368,4
2.9502747,-9.210309,4
2.113332,-8.702191,4
2.149903,-8.6468315,4
2.1137788,-8.299479,4
3.5026906,-9.548744,4
3.428803,-9.522595,4
3.4145792,-9.563346,4
3.7737617,-9.303076,4
3.5227969,-9.534707,4
3.4416256,-9.560598,4
3.0876596,-9.226095,4
1.175206,-7.764931,4
1.4773158,-7.9031434,4
2.9880219,-9.192411,4
3.382124,-9.432832,4
3.3759935,-9.497959,4
3.7158127,-9.093913,4
3.8157604,-8.981791,4
3.7239285,-9.186617,4
3.6794834,-9.188805,4
3.1420903,-8.203637,4
3.7006419,-8.842748,4
1.5603456,-7.909559,4
3.567597,-9.42798,4
3.6851373,-9.21071,4
3.5052528,-9.60196,4
3.47499,-9.585007,4
2.7545838,-8.35581,4
3.0144758,-8.259479,4
3.4819708,-9.623457,4
3.7062092,-9.336919,4
3.7239795,-9.036458,4
3.3518667,-9.469787,4
3.387435,-9.570593,4
1.5188138,-7.92553,4
3.4757566,-9.559448,4
3.3934817,-9.463805,4
2.5358543,-8.991751,4
-1.4536532,-6.500702,5
-4.399405,-4.596374,5
-4.0737596,-4.6880884,5
-4.554918,-4.570987,5
-3.3949625,-4.4752,5
-4.5247173,-4.578561,5
-4.581329,-4.5947156,5
-1.8287343,-6.5781865,5
-4.3957953,-4.321329,5
-4.3347917,-4.2529106,5
-4.2335567,-4.275922,5
-3.5735993,-4.444909,5
-2.7786274,-5.1259828,5
-2.726751,-5.503661,5
-2.7641377,-5.773894,5
-3.4797819,-4.529967,5
-3.1664784,-5.591603,5
-3.2351117,-5.5378075,5
-3.2944777,-5.263034,5
-1.9259663,-6.658495,5
-2.8844225,-5.2335677,5
-3.5939724,-4.2943873,5
-2.9745467,-4.9807987,5
-3.4691954,-4.4426594,5
-3.5682588,-4.1543207,5
-3.4556415,-4.3347173,5
-3.1430345,-4.464524,5
-3.2937076,-4.2663383,5
-3.3436675,-4.248659,5
-1.6094214,-6.4660187,5
-3.4192011,-4.118777,5
-3.511117,-4.0574207,5
-3.2102299,-4.290967,5
-3.2486165,-4.2974243,5
-3.0223691,-4.5555677,5
-3.3048737,-4.3512616,5
-2.906953,-5.1523404,5
-3.0324147,-5.166448,5
-3.1921463,-5.2084465,5
-3.1166992,-5.1890564,5
-2.6394067,-5.5774956,5
-1.9800886,-6.664798,5
-2.6566725,-5.37898,5
-2.5710282,-5.3861613,5
-2.7347646,-5.225538,5
-2.6992235,-5.8090773,5
-2.7098627,-5.336616,5
-2.6047108,-5.3358116,5
-2.6298304,-5.686413,5
-1.9735223,-6.68375,5
-1.750134,-6.4594374,5
-1.6395804,-6.503891,5
-1.7310098,-6.468224,5
0.3366805,1.9028995,3
-1.9905792,-6.7058644,5
-1.9592515,-6.6898093,5
-1.9686111,-6.671341,5
-1.8192503,-6.56394,5
-1.9524732,-6.6785026,5
-1.6408434,-6.52191,5
-1.5562222,-6.5122485,5
-1.584625,-6.4886346,5
-1.9572816,-6.640996,5
-1.7598809,-6.4485354,5
-3.509767,-4.5156746,5
-2.6557133,-5.697234,5
-2.7792695,-5.279412,5
-2.6329548,-5.744966,5
-2.650577,-5.2887053,5
-2.635039,-5.445217,5
-2.603394,-5.728632,5
-2.5299287,-5.265402,5
-2.6808336,-5.0889997,5
-2.2428074,-6.055346,5
-3.023192,-4.6010923,5
-2.8018339,-5.114559,5
-2.7717583,-5.304318,5
-2.6897793,-5.7608366,5
-2.677874,-5.4693403,5
-2.8025773,-5.8529096,5
-2.831217,-5.851764,5
-2.9204414,-5.8318195,5
-3.0348547,-5.6744957,5
-2.9348972,-5.754732,5
-3.2458727,-5.4759393,5
-1.4948899,-6.492325,5
-2.869561,-5.829191,5
-2.9241912,-5.8228755,5
-2.948797,-5.2292223,5
-3.4677708,-4.6658297,5
-2.7720468,-5.386918,5
-2.7842484,-5.311274,5
-2.7469232,-5.818795,5
-2.6852067,-5.8344655,5
-2.9114878,-5.791,5
-1.5740981,-6.539792,5
-2.8553557,-5.773491,5
-2.80766,-5.800954,5
-3.5210316,-4.4161887,5
-3.5164564,-4.498302,5
-2.882015,-5.232164,5
-2.8923624,-5.2626934,5
-2.9744503,-4.9226003,5
-2.946743,-4.941588,5
-2.9034579,-4.9781537,5
-2.9794858,-4.7223196,5
-3.0065157,-4.9302826,5
-1.503118,-6.5171866,5
-2.6149828,-5.4133635,5
-1.9723955,-6.1683965,5
-1.6986724,-6.4706655,5
-2.5663123,-5.2561746,5
-3.0568373,-4.5268865,5
-2.5132766,-5.320276,5
-2.6168172,-5.5022864,5
-2.958488,-4.983014,5
-3.0438788,-5.17783,5
-1.5584315,-6.5403614,5
-1.5892569,-6.5131645,5
-3.0910292,-5.151111,5
-2.9394886,-5.013023,5
-2.5870416,-5.55303,5
-2.5766273,-5.324916,5
-3.2212589,-4.4055443,5
-2.6736777,-5.2671127,5
-2.53559,-5.335082,5
-3.2890005,-4.331186,5
-3.0703359,-4.544169,5
-2.5095146,-5.2906394,5
-3.0091186,-4.813259,5
-2.726273,-5.28212,5
-2.9684794,-4.987148,5
-3.0824997,-5.1289268,5
-3.234218,-5.3098855,5
-3.1654105,-5.206076,5
-3.1767204,-4.487182,5
-3.4121501,-4.0915723,5
-3.09227,-4.6189094,5
-3.0510361,-4.7477155,5
-3.2069135,-4.4485326,5
-1.7846544,-6.391057,5
-3.184302,-4.471368,5
-3.1925526,-4.430491,5
-3.2197967,-4.3255773,5
-3.4704285,-4.033548,5
-3.3561456,-4.1526685,5
-3.431868,-4.2044454,5
-4.5240726,-3.8369267,5
-4.232481,-4.0058513,5
-4.5169954,-3.8175087,5
-4.561439,-3.848553,5
-4.6007013,-3.8470178,5
-1.8052918,-6.38597,5
-4.553577,-3.8530219,5
-4.4599047,-3.8591704,5
-4.5675697,-3.9252393,5
-4.52963,-4.415242,5
-4.50974,-4.319124,5
-4.2797647,-3.9171567,5
-4.3849516,-4.1664834,5
-4.103625,-4.003138,5
-4.593418,-3.9401019,5
-1.9889127,-6.676428,5
-3.3465936,-4.1755395,5
-4.267607,-3.7829108,5
-3.2769103,-4.2239366,5
-4.2633944,-3.783558,5
-3.655159,-3.9777966,5
-4.316537,-3.738614,5
-4.3736343,-3.763158,5
-4.562678,-3.8270953,5
-4.3233843,-3.9269118,5
-4.4786725,-4.4245863,5
-4.502302,-4.5450544,5
-1.9544085,-6.587413,5
-4.443855,-4.2803073,5
-4.414036,-4.2229285,5
-4.429113,-4.296917,5
-4.4215345,-4.3201146,5
-4.1612434,-4.914776,5
-3.7959354,-5.151605,5
-3.4660707,-5.4122143,5
0.5055809,1.9582115,3
0.50699985,1.9743258,3
-2.0612202,-6.5045433,5
-4.0511336,-4.9822216,5
-2.04567,-6.5730653,5
-4.0252085,-5.0234175,5
0.5070794,1.8990871,3
-4.0486174,-4.98499,5
-4.060919,-4.97616,5
-4.0449777,-4.9883223,5
-4.0713897,-4.9898515,5
-4.064924,-4.974044,5
-4.0849423,-4.9186764,5
-4.2709312,-4.7199883,5
-1.7830079,-6.5253696,5
-4.3933196,-4.513805,5
-4.446041,-4.5233507,5
-4.3698006,-4.4593654,5
-4.441786,-4.517298,5
-4.444329,-4.6039205,5
-4.5212297,-4.741716,5
-4.533804,-4.7238736,5
-4.302965,-4.810005,5
-4.4356422,-4.5683513,5
-1.9517263,-6.6748395,5
-2.709142,-5.4062314,5
-4.3018146,-4.3160915,5
-2.6268535,-5.8126583,5
-4.2781086,-4.138943,5
-2.599614,-5.269889,5
-4.410505,-4.4269156,5
-3.8267732,-4.7152677,5
-4.207958,-4.767487,5
-4.230152,-4.6934013,5
-4.304846,-4.348305,5
-4.175022,-4.319068,5
-1.719903,-6.5253153,5
-4.416526,-4.5510097,5
-4.3520203,-4.504238,5
-4.471364,-4.5605297,5
-3.6049595,-4.5355997,5
-4.506663,-4.692142,5
-4.3757973,-4.4995584,5
-4.53847,-4.595213,5
-4.5185995,-4.496663,5
-4.5383,-4.3314962,5
-1.8485723,-6.542974,5
-3.9492834,-4.2790885,5
-4.2818274,-3.80302,5
-3.0601952,-4.493921,5
-4.319903,-3.8024693,5
-3.5011873,-4.0064206,5
-4.415634,-3.8266497,5
-3.8734837,-3.990139,5
-4.2582693,-3.8530073,5
-4.187645,-3.8237293,5
-4.369997,-3.8334243,5
-4.2381363,-3.7887387,5
-1.537005,-6.5380855,5
-1.7673757,-6.510043,5
-4.3121157,-3.8092134,5
-4.2493353,-3.780375,5
-4.3780665,-4.018779,5
-4.553907,-4.3951187,5
-4.338241,-4.1169133,5
-4.2799897,-4.0065923,5
-4.172928,-3.9051402,5
-4.2913747,-3.8329248,5
-3.5095954,-4.0233645,5
-1.7113749,-6.470735,5
-4.2213154,-3.7975302,5
-4.2778244,-3.880547,5
-4.22494,-3.8305984,5
-4.2439027,-4.220204,5
-4.491351,-4.403396,5
-4.531007,-4.5373096,5
-4.057315,-4.4032083,5
-4.3481097,-4.4500494,5
-3.6724842,-4.437174,5
-4.5812464,-4.643112,5
-4.552034,-4.7284083,5
-1.8810886,-6.60977,5
-4.584895,-4.603791,5
-4.607717,-4.68299,5
-4.477082,-4.6618323,5
